sweep,kind,group,characteristic,column,unit,at_design,min,max,range,at_start,at_end
01_bump_parallel,heave,corner,Camber,camber_left,deg,-2.843555574945338e-07,-1.331143243015874,0.1212686671900896,1.4524119102059636,-0.1832601750710688,-1.331143243015874
01_bump_parallel,heave,corner,Caster,caster_left,deg,10.000008440838608,9.99690115062509,10.046941273060758,0.05004012243566791,10.009525527321715,10.046941273060758
01_bump_parallel,heave,corner,Kingpin inclination,kpi_left,deg,10.000008346956086,9.87685268881524,11.331024057067989,1.454171368252748,10.181622888006128,11.331024057067989
01_bump_parallel,heave,corner,Toe (positive = toe-in),toe_angle_left,deg,5.41971769178118e-07,-0.0069111692123806,0.0166228526389731,0.0235340218513537,0.0100123354657999,0.0014006515300402
01_bump_parallel,heave,corner,ISO steer angle,steer_angle_left,deg,-5.41971769178118e-07,-0.0166228526389731,0.0069111692123806,0.0235340218513537,-0.0100123354657999,-0.0014006515300402
01_bump_parallel,heave,corner,Scrub radius (ISO unsigned),scrub_radius_left,mm,54.70859695270436,54.69085735513271,54.8595272800609,0.16866992492819577,54.73670428117614,54.8595272800609
01_bump_parallel,heave,corner,Scrub radius (signed lateral),scrub_radius_signed_left,mm,-23.86094663935166,-23.966144300590344,-23.851910147575435,0.11423415301490891,-23.87486645589393,-23.966144300590344
01_bump_parallel,heave,corner,Steering-axis offset at ground,steering_axis_offset_ground_left,mm,-23.86094663935166,-23.966144300590344,-23.851910147575435,0.11423415301490891,-23.87486645589393,-23.966144300590344
01_bump_parallel,heave,corner,Mechanical trail,mechanical_trail_left,mm,49.23094358233921,49.21559727003422,49.34766114776897,0.13206387773474404,49.2554316525412,49.34766114776897
01_bump_parallel,heave,corner,Half track,half_track_left,mm,431.2630027627289,419.7471993145109,431.3511838419697,11.603984527458806,419.7471993145109,423.5442875788674
01_bump_parallel,heave,corner,Wheel travel,wheel_travel_left,mm,-4.118004426345578e-08,-63.5,63.499999981938,126.999999981938,-63.5,63.499999981938
01_bump_parallel,heave,corner,Damper length,damper_length_left,mm,242.81129798601305,209.66213107769457,274.7803174890115,65.11818641131694,274.7803174890115,209.66213107769457
01_bump_parallel,heave,corner,Motion ratio (damper/wheel),motion_ratio_left,mm/mm,0.5113291434515143,0.4984406414997756,0.5324230323401019,0.03398239084032628,0.4984406414997756,0.5324230323401019
01_bump_parallel,heave,corner,Motion ratio squared,motion_ratio_sq_left,-,0.26145749294285925,0.24844307309870786,0.2834742853662292,0.035031212267521344,0.24844307309870786,0.2834742853662292
01_bump_parallel,heave,corner,"Front-view IC, y",fvic_y_left,mm,-5930.606318393836,-156225.52183891705,157025.6130670902,313251.1349060072,3432.902591519853,-1146.0737460781904
01_bump_parallel,heave,corner,"Front-view IC, z",fvic_z_left,mm,185.00005962422293,-25357.72284432957,23813.310322755013,49171.033167084584,-1074.6614139383505,-365.2538568490032
01_bump_parallel,heave,corner,Front-view swing-arm length,fvsa_length_left,mm,6364.578994060238,-158632.2368695864,158458.05778689953,317090.2946564859,-3178.0718325474672,1626.9589384443043
01_bump_parallel,heave,corner,"Side-view IC, x",svic_x_left,mm,,-15359909.93385469,15274171.012304015,30634080.946158707,398945.78212022525,-497464.35132059926
01_bump_parallel,heave,corner,"Side-view IC, z",svic_z_left,mm,,423.61960702439046,630.5541162883892,206.93450926399873,423.61960702439046,630.5541162883892
01_bump_parallel,heave,corner,Side-view swing-arm length,svsa_length_left,mm,,-15359909.9335509,15274171.011950815,30634080.945501715,398945.7605963058,-497464.3689203057
01_bump_parallel,heave,corner,Side-view swing-arm angle,svsa_angle_left,deg,,-0.0653827398945757,0.0700594207272821,0.13544216062185782,0.0700594207272821,-0.0653827398945757
01_bump_parallel,heave,corner,"Camber, road-relative",camber_road_left,deg,-2.8439620223133493e-07,-1.3311432430908305,0.12126866853937489,1.4524119116302054,-0.1832601750710688,-1.3311432430908305
01_bump_parallel,heave,axle,Track,track,mm,862.526,862.526,862.526,0.0,862.526,862.526
01_bump_parallel,heave,axle,Track change,track_change,mm,6.18937622220983e-06,-23.03160062793347,0.1763693391843617,23.207969967117833,-23.03160062793347,-15.43742421889533
01_bump_parallel,heave,axle,Track change rate,track_change_rate,mm/mm,0.0577389118831418,-0.5468916186292474,0.6720850536279962,1.2189766722572437,0.6720850536279962,-0.5468916186292474
01_bump_parallel,heave,axle,Roll-centre height,roll_center_z,mm,11.888370108247493,-52.65064334810714,76.56381622906613,129.21445957717327,76.56381622906613,-52.65064334810714
01_bump_parallel,heave,axle,Roll-centre lateral position,roll_center_y,mm,-2.759753840564372e-06,-0.0001340475431561,3.68245873687556e-05,0.0001708721305248556,-6.512016739179671e-07,1.787304881872842e-08
01_bump_parallel,heave,axle,Roll-centre migration vs travel,rc_migration_rate,mm/mm,-1.03965568511865,-1.043675121480243,-0.9000761117648447,0.1435990097153984,-0.9000761117648447,-0.948923348390521
01_bump_parallel,heave,axle,Body roll,roll,deg,4.064473680113786e-11,-7.646911398632183e-09,5.5569568215939106e-09,1.3203868220226093e-08,0.0,7.495652786244044e-11
01_bump_parallel,heave,axle,Heave,heave,mm,-4.148597554376465e-08,-63.5,63.49999998139239,126.99999998139239,-63.5,63.49999998139239
01_bump_parallel,heave,axle,Ride-height change,ride_height_change,mm,4.148597554376465e-08,-63.57534772361063,63.498571841726346,127.07391956533698,63.498571841726346,-63.57534772361063
01_bump_parallel,heave,axle,Rack displacement,rack_displacement,mm,-2.695543344088946e-09,-7.170522451360739e-07,1.6723572571208933e-07,8.842879708481632e-07,0.0,-1.517577175036422e-09
01_bump_parallel,heave,axle,Steering ratio,steer_per_rack_left,deg/mm,-0.6832328076111018,-0.7555235892602379,-0.6170952722509622,0.13842831700927571,-0.7555235892602379,-0.6170952722509622
01_bump_parallel,heave,gradient,Camber gain,deriv_camber_wrt_hub_z_left,deg/mm,-0.008940525368463,-0.0367425517590991,0.0188405705277089,0.055583122286808,0.0188405705277089,-0.0367425517590991
01_bump_parallel,heave,gradient,Bump steer rate,deriv_toe_angle_wrt_hub_z_left,deg/mm,-0.0003735135458674,-0.0004358181238136,0.0010222371055137,0.0014580552293273,0.0010222371055137,0.0005784033921094
01_bump_parallel,heave,gradient,ISO steer gain in bump,deriv_steer_angle_wrt_hub_z_left,deg/mm,0.0003735135458674,-0.0010222371055137,0.0004358181238136,0.0014580552293273,-0.0010222371055137,-0.0005784033921094
01_bump_parallel,heave,gradient,Caster gain,deriv_caster_wrt_hub_z_left,deg/mm,0.0002715762141504,-0.0007155037246465,0.0013910855755822,0.0021065893002287,-0.0007155037246465,0.0013910855755822
01_bump_parallel,heave,gradient,KPI gain,deriv_kpi_wrt_hub_z_left,deg/mm,0.0090063859402208,-0.0190247801037648,0.0366444535156571,0.0556692336194219,-0.0190247801037648,0.0366444535156571
01_bump_parallel,heave,gradient,Half-track change rate,deriv_half_track_wrt_hub_z_left,mm/mm,0.0288694559415709,-0.2734458093146237,0.3360425268139981,0.6094883361286219,0.3360425268139981,-0.2734458093146237
01_bump_parallel,heave,gradient,Wheel-centre recession rate,deriv_wheel_center_x_wrt_hub_z_left,mm/mm,-0.0001653853981634,-0.0004350824651807,0.0008047616656884,0.0012398441308691,-0.0001020692330866,0.0008047616656884
01_bump_parallel,heave,gradient,Damper rate vs wheel,deriv_damper_length_wrt_hub_z_left,mm/mm,-0.5113291434515143,-0.5324230323401019,-0.4984406414997756,0.03398239084032628,-0.4984406414997756,-0.5324230323401019
01_bump_parallel,heave,gradient,Toe per rack,deriv_toe_angle_wrt_rack_displacement_left,deg/mm,0.6832328076111018,0.6170952722509622,0.7555235892602379,0.13842831700927571,0.7555235892602379,0.6170952722509622
01_bump_parallel,heave,gradient,Steer per rack,deriv_steer_angle_wrt_rack_displacement_left,deg/mm,-0.6832328076111018,-0.7555235892602379,-0.6170952722509622,0.13842831700927571,-0.7555235892602379,-0.6170952722509622
01_bump_parallel,heave,gradient,Camber per rack,deriv_camber_wrt_rack_displacement_left,deg/mm,-0.1199920579385354,-0.1343711989065702,-0.1070573765578883,0.027313822348681904,-0.1343711989065702,-0.1070573765578883
02_roll,roll,corner,Camber,camber_left,deg,-2.8957890085553404e-07,-0.3275248840716827,0.1209207224858639,0.44844560655754656,0.1209207224858639,-0.3275248840716827
02_roll,roll,corner,Caster,caster_left,deg,10.000008441276933,9.996896169599932,10.010687646989927,0.013791477389995421,9.996928603696132,10.010687646989927
02_roll,roll,corner,Kingpin inclination,kpi_left,deg,10.00000834672205,9.877257442657951,10.328689297859588,0.451431855201637,9.877257442657951,10.328689297859588
02_roll,roll,corner,Toe (positive = toe-in),toe_angle_left,deg,5.766965619458727e-07,-0.0064522920874633,0.0104818537257069,0.0169341458131702,0.0104818537257069,-0.0064522920874633
02_roll,roll,corner,ISO steer angle,steer_angle_left,deg,-5.766965619458727e-07,-0.0104818537257069,0.0064522920874633,0.0169341458131702,-0.0104818537257069,0.0064522920874633
02_roll,roll,corner,Scrub radius (ISO unsigned),scrub_radius_left,mm,54.7085968908275,54.43712992535648,55.03506854868821,0.5979386233317285,55.03506854868821,54.43712992535648
02_roll,roll,corner,Scrub radius (signed lateral),scrub_radius_signed_left,mm,-23.860946646051342,-24.136698244723163,-23.67503221307919,0.461666031643972,-24.136698244723163,-23.67503221307919
02_roll,roll,corner,Steering-axis offset at ground,steering_axis_offset_ground_left,mm,-23.860946646051342,-24.136698244723163,-23.67503221307919,0.461666031643972,-24.136698244723163,-23.67503221307919
02_roll,roll,corner,Mechanical trail,mechanical_trail_left,mm,49.23094351033049,49.01932235577931,49.45986825702216,0.4405459012428494,49.45986825702216,49.01932235577931
02_roll,roll,corner,Half track,half_track_left,mm,431.2630027826994,429.0571765641229,431.3512033368777,2.294026772754762,429.0571765641229,430.5100271617633
02_roll,roll,corner,Wheel travel,wheel_travel_left,mm,-4.1729833810677526e-08,-25.00000002001053,25.000000029127705,50.00000004913824,-25.00000002001053,25.000000029127705
02_roll,roll,corner,Damper length,damper_length_left,mm,242.81129799152296,229.92487362958357,255.50268549331523,25.577811863731654,255.50268549331523,229.92487362958357
02_roll,roll,corner,Motion ratio (damper/wheel),motion_ratio_left,mm/mm,0.5113291430987398,0.5042872727420266,0.5197280218603287,0.015440749118302177,0.5042872727420266,0.5197280218603287
02_roll,roll,corner,Motion ratio squared,motion_ratio_sq_left,-,0.2614574925820915,0.2543056534495911,0.27011721670685035,0.015811563257259242,0.2543056534495911,0.27011721670685035
02_roll,roll,corner,"Front-view IC, y",fvic_y_left,mm,-5930.606319694623,-87020.24994891246,-2847.7094841159123,84172.54046479655,-87020.24994891246,-2847.7094841159123
02_roll,roll,corner,"Front-view IC, z",fvic_z_left,mm,185.0000600765009,-267.3898147632003,12946.87296595172,13214.26278071492,12946.87296595172,-267.3898147632003
02_roll,roll,corner,Front-view swing-arm length,fvsa_length_left,mm,6364.578995393645,3291.171337595109,88406.2721188414,85115.10078124629,88406.2721188414,3291.171337595109
02_roll,roll,corner,"Side-view IC, x",svic_x_left,mm,,-38950174.09226061,38864360.65899861,77814534.75125921,1160483.8032158485,-1247831.5940915928
02_roll,roll,corner,"Side-view IC, z",svic_z_left,mm,,487.1424934944407,563.919038198087,76.77654470364632,487.1424934944407,563.919038198087
02_roll,roll,corner,Side-view swing-arm length,svsa_length_left,mm,,-38950174.09213906,38864360.658861175,77814534.75100023,1160483.7931683818,-1247831.5954175116
02_roll,roll,corner,Side-view swing-arm angle,svsa_angle_left,deg,,-0.024777085506779,0.0253201923773884,0.0500972778841674,0.0253201923773884,-0.024777085506779
02_roll,roll,corner,"Camber, road-relative",camber_road_left,deg,-2.8396811848893714e-07,-3.660495671111633,3.4538915095167186,7.114387180628352,3.4538915095167186,-3.660495671111633
02_roll,roll,corner,Camber recovery,camber_recovery_left,deg/deg,-0.06729454457626008,-0.129030179209785,-0.005379353532554882,0.12365082567723011,-0.005379353532554882,-0.129030179209785
02_roll,roll,axle,Track,track,mm,862.526,862.526,862.526,0.0,862.526,862.526
02_roll,roll,axle,Track change,track_change,mm,2.6461952984391246e-06,-1.5055740109561384,2.6461952984391246e-06,1.5055766571514368,-1.5055692265390237,-1.5055740109561384
02_roll,roll,axle,Track change rate,track_change_rate,mm/mm,0.0577389270958164,-0.1782645324761778,0.295968934772017,0.4742334672481948,0.295968934772017,-0.1782645324761778
02_roll,roll,axle,Roll-centre height,roll_center_z,mm,11.888368280050011,-91.86928307309284,11.888368280050011,103.75765135314286,-91.86924955053796,-91.86928307309284
02_roll,roll,axle,Roll-centre lateral position,roll_center_y,mm,6.0835411261450645e-05,-875.1146109950218,875.1143845826027,1750.2289955776246,875.1143845826027,-875.1146109950218
02_roll,roll,axle,Roll-centre migration vs roll,rc_migration_rate_roll,mm/deg,5.785146086623172e-07,-60.078470008809624,60.07796200364909,120.15643201245871,60.07796200364909,-60.078470008809624
02_roll,roll,axle,Roll-centre lateral migration vs roll,rc_lateral_rate_roll,mm/deg,-268.08575139071183,-268.08575139071183,-252.2991319627113,15.786619428000535,-252.2991319627113,-252.30244419931174
02_roll,roll,axle,Body roll,roll,deg,-5.610782366596901e-09,-3.3329707870308547,3.33297078703995,6.665941574070805,-3.3329707870308547,3.33297078703995
02_roll,roll,axle,Heave,heave,mm,5.0229687076353e-10,-4.538426878752944e-08,1.7328659396298466e-08,6.271292818382791e-08,-4.538426878752944e-08,6.751136538696301e-09
02_roll,roll,axle,Ride-height change,ride_height_change,mm,-5.022969817858325e-10,-5.022969817858325e-10,0.038418663046964,0.03841866354926098,0.038418663046964,0.0384184201184545
02_roll,roll,axle,Rack displacement,rack_displacement,mm,8.19106560356886e-08,-1.794249442355067e-07,7.642525758910779e-07,9.436775201265846e-07,-6.402368057933927e-08,-6.566949650732569e-08
02_roll,roll,axle,Steering ratio,steer_per_rack_left,deg/mm,-0.683232808737876,-0.7059935307990827,-0.6609125630259266,0.045080967773156067,-0.7059935307990827,-0.6609125630259266
02_roll,roll,gradient,Camber gain,deriv_camber_wrt_hub_z_left,deg/mm,-0.0089405269120038,-0.0174641135166448,-0.0005806396411465,0.0168834738754983,-0.0005806396411465,-0.0174641135166448
02_roll,roll,gradient,Bump steer rate,deriv_toe_angle_wrt_hub_z_left,deg/mm,-0.0003735047467479,-0.0004360049738153,-0.000114959597824,0.0003210453759913,-0.0004159581232707,-0.000114959597824
02_roll,roll,gradient,ISO steer gain in bump,deriv_steer_angle_wrt_hub_z_left,deg/mm,0.0003735047467479,0.000114959597824,0.0004360049738153,0.0003210453759913,0.0004159581232707,0.000114959597824
02_roll,roll,gradient,Caster gain,deriv_caster_wrt_hub_z_left,deg/mm,0.0002715762138892,-2.8682265557191777e-05,0.0005935199205862,0.0006222021861433918,-2.8682265557191777e-05,0.0005935199205862
02_roll,roll,gradient,KPI gain,deriv_kpi_wrt_hub_z_left,deg/mm,0.0090063859321986,0.0006525313636791,0.0174858380424775,0.016833306678798402,0.0006525313636791,0.0174858380424775
02_roll,roll,gradient,Half-track change rate,deriv_half_track_wrt_hub_z_left,mm/mm,0.0288694635479082,-0.0891322662380889,0.1479844673860085,0.2371167336240974,0.1479844673860085,-0.0891322662380889
02_roll,roll,gradient,Wheel-centre recession rate,deriv_wheel_center_x_wrt_hub_z_left,mm/mm,-0.0001653815021436,-0.0003885859367937,0.0001527611045735,0.0005413470413672,-0.0003885859367937,0.0001527611045735
02_roll,roll,gradient,Damper rate vs wheel,deriv_damper_length_wrt_hub_z_left,mm/mm,-0.5113291430987398,-0.5197280218603287,-0.5042872727420266,0.015440749118302177,-0.5042872727420266,-0.5197280218603287
02_roll,roll,gradient,Toe per rack,deriv_toe_angle_wrt_rack_displacement_left,deg/mm,0.683232808737876,0.6609125630259266,0.7059935307990827,0.045080967773156067,0.7059935307990827,0.6609125630259266
02_roll,roll,gradient,Steer per rack,deriv_steer_angle_wrt_rack_displacement_left,deg/mm,-0.683232808737876,-0.7059935307990827,-0.6609125630259266,0.045080967773156067,-0.7059935307990827,-0.6609125630259266
02_roll,roll,gradient,Camber per rack,deriv_camber_wrt_rack_displacement_left,deg/mm,-0.1199920580681446,-0.1244336305531867,-0.1156532158201641,0.008780414733022601,-0.1244336305531867,-0.1156532158201641
03_single_wheel_bump,single_wheel,corner,Camber,camber_left,deg,-4.424534678002903e-07,-1.3311446906986808,0.1212684701891925,1.4524131608878732,-0.1832598318453834,-1.3311446906986808
03_single_wheel_bump,single_wheel,corner,Caster,caster_left,deg,10.000008427272643,9.996901165241225,10.046941380213704,0.0500402149724799,10.009525513679746,10.046941380213704
03_single_wheel_bump,single_wheel,corner,Kingpin inclination,kpi_left,deg,10.000008359369028,9.876852682594771,11.331024008855069,1.4541713262602975,10.18162289167849,11.331024008855069
03_single_wheel_bump,single_wheel,corner,Toe (positive = toe-in),toe_angle_left,deg,1.306484270721658e-06,-0.0069115851178323,0.0166262596645649,0.0235378447823972,0.010011028874827,0.0014059922432628
03_single_wheel_bump,single_wheel,corner,ISO steer angle,steer_angle_left,deg,-1.306484270721658e-06,-0.0166262596645649,0.0069115851178323,0.0235378447823972,-0.010011028874827,-0.0014059922432628
03_single_wheel_bump,single_wheel,corner,Scrub radius (ISO unsigned),scrub_radius_left,mm,54.7085980838412,54.45498204230015,55.191212345364825,0.7362303030646729,55.191212345364825,54.45498204230015
03_single_wheel_bump,single_wheel,corner,Scrub radius (signed lateral),scrub_radius_signed_left,mm,-23.860946259245654,-24.26636468886055,-23.679443198268743,0.5869214905918057,-24.26636468886055,-23.679443198268743
03_single_wheel_bump,single_wheel,corner,Steering-axis offset at ground,steering_axis_offset_ground_left,mm,-23.860946259245654,-24.26636468886055,-23.679443198268743,0.5869214905918057,-24.26636468886055,-23.679443198268743
03_single_wheel_bump,single_wheel,corner,Mechanical trail,mechanical_trail_left,mm,49.23094502355875,49.03701702843675,49.57028812644095,0.5332710980041995,49.57028812644095,49.03701702843675
03_single_wheel_bump,single_wheel,corner,Half track,half_track_left,mm,431.2630039587153,419.7471975534277,431.3511837372932,11.603986183865459,419.7471975534277,423.5442935084296
03_single_wheel_bump,single_wheel,corner,Wheel travel,wheel_travel_left,mm,8.74655370353139e-09,-63.49999997336619,63.49999985599044,126.99999982935663,-63.49999997336619,63.49999985599044
03_single_wheel_bump,single_wheel,corner,Damper length,damper_length_left,mm,242.81129782600829,209.66213202140983,274.7803173298994,65.11818530848956,274.7803173298994,209.66213202140983
03_single_wheel_bump,single_wheel,corner,Motion ratio (damper/wheel),motion_ratio_left,mm/mm,0.5113291432406493,0.4984406413079074,0.5324230317704602,0.03398239046255286,0.4984406413079074,0.5324230317704602
03_single_wheel_bump,single_wheel,corner,Motion ratio squared,motion_ratio_sq_left,-,0.2614574927272164,0.248443072907438,0.28347428475964853,0.03503121185221053,0.248443072907438,0.28347428475964853
03_single_wheel_bump,single_wheel,corner,"Front-view IC, y",fvic_y_left,mm,-5930.606321452983,-156225.52304730247,157025.61005223505,313251.1330995375,3432.9026074408093,-1146.0737731385775
03_single_wheel_bump,single_wheel,corner,"Front-view IC, z",fvic_z_left,mm,185.0000436302521,-25357.72316137532,23813.310823431657,49171.03398480698,-1074.6614114754211,-365.2538476664506
03_single_wheel_bump,single_wheel,corner,Front-view swing-arm length,fvsa_length_left,mm,6364.578997845446,-158632.2339426655,158458.05905711526,317090.29299978074,-3178.0718485431817,1626.9589678652924
03_single_wheel_bump,single_wheel,corner,"Side-view IC, x",svic_x_left,mm,,-15359910.815400803,15274179.955074605,30634090.77047541,398945.7849928399,-497464.36747864727
03_single_wheel_bump,single_wheel,corner,"Side-view IC, z",svic_z_left,mm,,423.6196073475696,630.5541120904456,206.93450474287602,423.6196073475696,630.5541120904456
03_single_wheel_bump,single_wheel,corner,Side-view swing-arm length,svsa_length_left,mm,,-15359910.815105692,15274179.954718305,30634090.769824,398945.759829766,-497464.3845795333
03_single_wheel_bump,single_wheel,corner,Side-view swing-arm angle,svsa_angle_left,deg,,-0.0653827373485313,0.0700594209018432,0.13544215825037448,0.0700594209018432,-0.0653827373485313
03_single_wheel_bump,single_wheel,corner,"Camber, road-relative",camber_road_left,deg,-4.4373169643770065e-07,-5.611963406171667,4.088548940392349,9.700512346564016,4.088548940392349,-5.611963406171667
03_single_wheel_bump,single_wheel,axle,Track,track,mm,862.526,862.526,862.526,0.0,862.526,862.526
03_single_wheel_bump,single_wheel,axle,Track change,track_change,mm,2.436910676806292e-06,-9.150099307348228,0.1169343530530113,9.267033660401239,-9.150099307348228,-5.357792333943621
03_single_wheel_bump,single_wheel,axle,Track change rate,track_change_rate,mm/mm,0.057738914105534,-0.5468915506415928,0.6720847950262469,1.2189763456678397,0.6720847950262469,-0.5468915506415928
03_single_wheel_bump,single_wheel,axle,Roll-centre height,roll_center_z,mm,11.888368274489164,-158.480322429114,69.86988677778635,228.35020920690036,17.067078136035306,19.62273405368088
03_single_wheel_bump,single_wheel,axle,Roll-centre lateral position,roll_center_y,mm,2.542089350754395e-05,-5836.635129543161,1986.3800469082817,7823.015176451443,177.41663068693524,264.9704690134531
03_single_wheel_bump,single_wheel,axle,Roll-centre migration vs travel,rc_migration_rate,mm/mm,-0.5335760245269063,-40.02147003567373,50.20987330706845,90.23134334274218,-0.004229556528720204,-0.03953628303906838
03_single_wheel_bump,single_wheel,axle,Body roll,roll,deg,1.2782286374103322e-09,-4.2718087722377325,4.280818715472987,8.55262748771072,-4.2718087722377325,4.280818715472987
03_single_wheel_bump,single_wheel,axle,Heave,heave,mm,-8.746212643018224e-10,-31.74999998687269,31.749999929342977,63.49999991621567,-31.74999998687269,31.749999929342977
03_single_wheel_bump,single_wheel,axle,Ride-height change,ride_height_change,mm,8.745929536146945e-10,-31.988293174606117,32.08776890145801,64.07606207606413,32.08776890145801,-31.988293174606117
03_single_wheel_bump,single_wheel,axle,Rack displacement,rack_displacement,mm,3.735398763637932e-07,-1.809705167943321e-07,3.735398763637932e-07,5.545103931581253e-07,-2.3150022343543242e-08,1.5800804931132006e-07
03_single_wheel_bump,single_wheel,axle,Steering ratio,steer_per_rack_left,deg/mm,-0.6832328084512697,-0.7555235913088403,-0.6170952710755426,0.13842832023329765,-0.7555235913088403,-0.6170952710755426
03_single_wheel_bump,single_wheel,gradient,Camber gain,deriv_camber_wrt_hub_z_left,deg/mm,-0.0089405261138273,-0.0367425538045148,0.0188405697938826,0.0555831235983974,0.0188405697938826,-0.0367425538045148
03_single_wheel_bump,single_wheel,gradient,Bump steer rate,deriv_toe_angle_wrt_hub_z_left,deg/mm,-0.0003735092794736,-0.0004358398490978,0.0010222406458026,0.0014580804949004,0.0010222406458026,0.0005784187368208
03_single_wheel_bump,single_wheel,gradient,ISO steer gain in bump,deriv_steer_angle_wrt_hub_z_left,deg/mm,0.0003735092794736,-0.0010222406458026,0.0004358398490978,0.0014580804949004,-0.0010222406458026,-0.0005784187368208
03_single_wheel_bump,single_wheel,gradient,Caster gain,deriv_caster_wrt_hub_z_left,deg/mm,0.0002715762147537,-0.000715503720046,0.0013910855557072,0.0021065892757531996,-0.000715503720046,0.0013910855557072
03_single_wheel_bump,single_wheel,gradient,KPI gain,deriv_kpi_wrt_hub_z_left,deg/mm,0.0090063859323272,-0.0190247800012183,0.0366444528652811,0.0556692328664994,-0.0190247800012183,0.0366444528652811
03_single_wheel_bump,single_wheel,gradient,Half-track change rate,deriv_half_track_wrt_hub_z_left,mm/mm,0.028869457052767,-0.2734457753207964,0.3360423975131234,0.6094881728339199,0.3360423975131234,-0.2734457753207964
03_single_wheel_bump,single_wheel,gradient,Wheel-centre recession rate,deriv_wheel_center_x_wrt_hub_z_left,mm/mm,-0.0001653835075268,-0.0004350853132385,0.0008047683841026,0.0012398536973411,-0.0001020676564297,0.0008047683841026
03_single_wheel_bump,single_wheel,gradient,Damper rate vs wheel,deriv_damper_length_wrt_hub_z_left,mm/mm,-0.5113291432406493,-0.5324230317704602,-0.4984406413079074,0.03398239046255286,-0.4984406413079074,-0.5324230317704602
03_single_wheel_bump,single_wheel,gradient,Toe per rack,deriv_toe_angle_wrt_rack_displacement_left,deg/mm,0.6832328084512697,0.6170952710755426,0.7555235913088403,0.13842832023329765,0.7555235913088403,0.6170952710755426
03_single_wheel_bump,single_wheel,gradient,Steer per rack,deriv_steer_angle_wrt_rack_displacement_left,deg/mm,-0.6832328084512697,-0.7555235913088403,-0.6170952710755426,0.13842832023329765,-0.7555235913088403,-0.6170952710755426
03_single_wheel_bump,single_wheel,gradient,Camber per rack,deriv_camber_wrt_rack_displacement_left,deg/mm,-0.1199920562135005,-0.1343712023503082,-0.1070573676619721,0.02731383468833609,-0.1343712023503082,-0.1070573676619721
04_steer_design,steer,corner,Camber,camber_left,deg,2.492708754552496e-07,-3.460175276183989,6.197278210873283,9.657453487057271,6.197278210873283,-3.460175276183989
04_steer_design,steer,corner,Caster,caster_left,deg,10.000008405100568,9.999637571885216,10.000714393385271,0.0010768215000549475,10.000714393385271,9.999637571885216
04_steer_design,steer,corner,Kingpin inclination,kpi_left,deg,10.000008360988986,9.98763997942886,10.023200998912364,0.0355610194835041,10.023200998912364,9.98763997942886
04_steer_design,steer,corner,Toe (positive = toe-in),toe_angle_left,deg,-1.3036216302314177e-06,-26.39915100335658,23.616543222478896,50.015694225835475,-26.39915100335658,23.616543222478896
04_steer_design,steer,corner,ISO steer angle,steer_angle_left,deg,1.3036216302314177e-06,-23.616543222478896,26.39915100335658,50.015694225835475,26.39915100335658,-23.616543222478896
04_steer_design,steer,corner,Scrub radius (ISO unsigned),scrub_radius_left,mm,54.70860077316373,34.454475954714376,70.44726003349172,35.99278407877734,70.44726003349172,34.454475954714376
04_steer_design,steer,corner,Scrub radius (signed lateral),scrub_radius_signed_left,mm,-23.86094707307121,-24.17264029542883,-23.57572646287569,0.5969138325531418,-24.17264029542883,-23.57572646287569
04_steer_design,steer,corner,Steering-axis offset at ground,steering_axis_offset_ground_left,mm,-23.86094707307121,-24.17264029542883,-23.57572646287569,0.5969138325531418,-24.17264029542883,-23.57572646287569
04_steer_design,steer,corner,Mechanical trail,mechanical_trail_left,mm,49.23094761766734,25.125605168068176,66.17023430043308,41.0446291323649,66.17023430043308,25.125605168068176
04_steer_design,steer,corner,Half track,half_track_left,mm,431.2630009711292,404.3031800402596,443.22118155295766,38.91800151269808,404.3031800402596,443.22118155295766
04_steer_design,steer,corner,Wheel travel,wheel_travel_left,mm,1.870205323939444e-09,-8.355249292435475e-08,1.1916330322492287e-07,2.0271579614927762e-07,-1.5442822132172296e-08,8.416066066274652e-09
04_steer_design,steer,corner,Damper length,damper_length_left,mm,242.8112976603152,241.54931474243617,243.531353932141,1.9820391897048353,241.54931474243617,243.531353932141
04_steer_design,steer,corner,Motion ratio (damper/wheel),motion_ratio_left,mm/mm,0.5113291436010953,0.510680992690427,0.5117896970166991,0.0011087043262720808,0.510680992690427,0.5117896970166991
04_steer_design,steer,corner,Motion ratio squared,motion_ratio_sq_left,-,0.2614574930958295,0.2607950762952799,0.2619286939724446,0.0011336176771646889,0.2607950762952799,0.2619286939724446
04_steer_design,steer,corner,"Front-view IC, y",fvic_y_left,mm,-5930.606314737328,-6268.387763958037,-5413.880800309281,854.506963648756,-5413.880800309281,-6268.387763958037
04_steer_design,steer,corner,"Front-view IC, z",fvic_z_left,mm,185.00003209059483,104.20710966316643,238.11887425867675,133.9117645955103,104.20710966316643,238.11887425867675
04_steer_design,steer,corner,Front-view swing-arm length,fvsa_length_left,mm,6364.578987809841,5819.106194901451,6715.841353148357,896.7351582469055,5819.106194901451,6715.841353148357
04_steer_design,steer,corner,"Side-view IC, x",svic_x_left,mm,,-516924661.4176763,525115414.212433,1042040075.6301093,-12361371.30091959,21525532.348684557
04_steer_design,steer,corner,"Side-view IC, z",svic_z_left,mm,,523.0621071175012,528.8528627108932,5.790755593391964,528.8528627108932,523.0621071175012
04_steer_design,steer,corner,Side-view swing-arm length,svsa_length_left,mm,,-516924661.09480375,525115413.8736899,1042040074.9684937,-12361372.20799205,21525515.90658222
04_steer_design,steer,corner,Side-view swing-arm angle,svsa_angle_left,deg,,-0.0024484343537031,0.0013929916425367,0.0038414259962397997,-0.0024484343537031,0.0013929916425367
04_steer_design,steer,corner,"Camber, road-relative",camber_road_left,deg,2.4873918233611124e-07,-3.460175280857914,6.1972782120976095,9.657453492955524,6.1972782120976095,-3.460175280857914
04_steer_design,steer,axle,Track,track,mm,862.526,862.526,862.526,0.0,862.526,862.526
04_steer_design,steer,axle,Track change,track_change,mm,2.9173810389693244e-06,-15.001177594475394,2.9173810389693244e-06,15.001180511856433,-15.001177594475394,-15.001173654846866
04_steer_design,steer,axle,Track change rate,track_change_rate,mm/mm,0.057738898336317,0.0552635412000806,0.2096276297820662,0.1543640885819856,0.2096276297820662,0.1557774277684314
04_steer_design,steer,axle,Roll-centre height,roll_center_z,mm,11.888368400837994,10.367986175355558,11.888368400837994,1.520382225482436,10.367986175355558,10.367987798139534
04_steer_design,steer,axle,Roll-centre lateral position,roll_center_y,mm,-8.256373007498041e-06,-143.65193168759924,143.6518795350392,287.30381122263844,-143.65193168759924,143.6518795350392
04_steer_design,steer,axle,Body roll,roll,deg,5.316931191383771e-10,-6.031659548368329e-09,1.3585164084944605e-08,1.9616823633312932e-08,-1.2243266110364334e-09,4.6739246716295945e-09
04_steer_design,steer,axle,Heave,heave,mm,-2.131827159246313e-09,-4.5736243237115566e-08,3.5978416690340964e-08,8.171465992745652e-08,-6.277446118474472e-09,-2.657318987075996e-08
04_steer_design,steer,axle,Ride-height change,ride_height_change,mm,2.131827159246313e-09,-0.8897298349429485,2.131827159246313e-09,0.8897298370747757,-0.8897298349429485,-0.889729592342639
04_steer_design,steer,axle,Rack displacement,rack_displacement,mm,-8.287770469905809e-09,-34.999999977708626,34.99999991603559,69.99999989374422,-34.999999977708626,34.99999991603559
04_steer_design,steer,axle,Ackermann error (inner - outer),ackermann_error,deg,1.0894847934900514e-06,1.0894847934900514e-06,2.782606711175024,2.7826056216902306,2.782606711175024,2.7826050864040965
04_steer_design,steer,axle,Ackermann,ackermann_percent,%,,48.59776663674055,67.5963784002835,18.998611763542947,67.5963784002835,67.5963450664254
04_steer_design,steer,axle,Steering ratio,steer_per_rack_left,deg/mm,-0.6832328085789943,-0.9073584308055312,-0.6716095023542521,0.23574892845127915,-0.9073584308055312,-0.6791123336950834
04_steer_design,steer,gradient,Camber gain,deriv_camber_wrt_hub_z_left,deg/mm,-0.0089405248746706,-0.0196025878695307,-0.003955620240502,0.0156469676290287,-0.0196025878695307,-0.003955620240502
04_steer_design,steer,gradient,Bump steer rate,deriv_toe_angle_wrt_hub_z_left,deg/mm,-0.0003735163693007,-0.0368890018881379,0.0312564737128664,0.0681454756010043,0.0312564737128664,-0.0368890018881379
04_steer_design,steer,gradient,ISO steer gain in bump,deriv_steer_angle_wrt_hub_z_left,deg/mm,0.0003735163693007,-0.0312564737128664,0.0368890018881379,0.0681454756010043,-0.0312564737128664,0.0368890018881379
04_steer_design,steer,gradient,Caster gain,deriv_caster_wrt_hub_z_left,deg/mm,0.0002715762152562,0.0002553186851432,0.0003001551476677,4.483646252449996e-05,0.0003001551476677,0.0002553186851432
04_steer_design,steer,gradient,KPI gain,deriv_kpi_wrt_hub_z_left,deg/mm,0.0090063859463102,0.0085673343451431,0.0097753130867093,0.001207978741566201,0.0097753130867093,0.0085673343451431
04_steer_design,steer,gradient,Half-track change rate,deriv_half_track_wrt_hub_z_left,mm/mm,0.0288694491681585,0.0276317706000403,0.1048138148910331,0.0771820442909928,0.1048138148910331,0.0778887138842157
04_steer_design,steer,gradient,Wheel-centre recession rate,deriv_wheel_center_x_wrt_hub_z_left,mm/mm,-0.0001653866466315,-0.0149987283333759,0.012051204380926,0.0270499327143019,0.012051204380926,-0.0149987283333759
04_steer_design,steer,gradient,Damper rate vs wheel,deriv_damper_length_wrt_hub_z_left,mm/mm,-0.5113291436010953,-0.5117896970166991,-0.510680992690427,0.0011087043262720808,-0.510680992690427,-0.5117896970166991
04_steer_design,steer,gradient,Toe per rack,deriv_toe_angle_wrt_rack_displacement_left,deg/mm,0.6832328085789943,0.6716095023542521,0.9073584308055312,0.23574892845127915,0.9073584308055312,0.6791123336950834
04_steer_design,steer,gradient,Steer per rack,deriv_steer_angle_wrt_rack_displacement_left,deg/mm,-0.6832328085789943,-0.9073584308055312,-0.6716095023542521,0.23574892845127915,-0.9073584308055312,-0.6791123336950834
04_steer_design,steer,gradient,Camber per rack,deriv_camber_wrt_rack_displacement_left,deg/mm,-0.1199920616707247,-0.2883453987308778,-0.0842141271914954,0.20413127153938238,-0.2883453987308778,-0.0842141271914954
05_steer_bump,steer,corner,Camber,camber_left,deg,-0.6339140417168605,-3.88012866604814,5.125116663088503,9.005245329136644,5.125116663088503,-3.88012866604814
05_steer_bump,steer,corner,Caster,caster_left,deg,10.021341375138189,10.02024946669752,10.023366661737771,0.0031171950402519855,10.023366661737771,10.02024946669752
05_steer_bump,steer,corner,Kingpin inclination,kpi_left,deg,10.6351191434319,10.604296090616469,10.691991157393485,0.087695066777016,10.691991157393485,10.604296090616469
05_steer_bump,steer,corner,Toe (positive = toe-in),toe_angle_left,deg,-0.0065212826459899,-25.084016798366957,22.05848659502574,47.1425033933927,-25.084016798366957,22.05848659502574
05_steer_bump,steer,corner,ISO steer angle,steer_angle_left,deg,0.0065212826459899,-22.05848659502574,25.084016798366957,47.1425033933927,25.084016798366957,-22.05848659502574
05_steer_bump,steer,corner,Scrub radius (ISO unsigned),scrub_radius_left,mm,54.784242477923655,35.01592353027407,71.49623805162696,36.48031452135289,71.49623805162696,35.01592353027407
05_steer_bump,steer,corner,Scrub radius (signed lateral),scrub_radius_signed_left,mm,-23.90947311703853,-24.24737006902711,-23.62535485447131,0.6220152145557982,-24.24737006902711,-23.62535485447131
05_steer_bump,steer,corner,Steering-axis offset at ground,steering_axis_offset_ground_left,mm,-23.90947311703853,-24.24737006902711,-23.62535485447131,0.6220152145557982,-24.24737006902711,-23.62535485447131
05_steer_bump,steer,corner,Mechanical trail,mechanical_trail_left,mm,49.29148323134076,25.84487393427003,67.25902987904716,41.414155944777136,67.25902987904716,25.84487393427003
05_steer_bump,steer,corner,Half track,half_track_left,mm,428.6393271390543,401.9634369366229,440.2237651712181,38.26032823459519,401.9634369366229,440.2237651712181
05_steer_bump,steer,corner,Wheel travel,wheel_travel_left,mm,40.00000003430546,39.999999914863565,40.00000011276569,1.979021249098878e-07,40.0,40.00000000293045
05_steer_bump,steer,corner,Damper length,damper_length_left,mm,222.08960992315917,220.84977781708295,222.7846732767072,1.9348954596242436,220.84977781708295,222.7846732767072
05_steer_bump,steer,corner,Motion ratio (damper/wheel),motion_ratio_left,mm/mm,0.5249624162129976,0.5242735626049797,0.5258481782972417,0.001574615692262027,0.5242735626049797,0.5258481782972417
05_steer_bump,steer,corner,Motion ratio squared,motion_ratio_sq_left,-,0.2755855384361885,0.2748627684465176,0.2765163066185277,0.0016535381720101383,0.2748627684465176,0.2765163066185277
05_steer_bump,steer,corner,"Front-view IC, y",fvic_y_left,mm,-2005.6485149386635,-2067.473203280985,-1900.0707219224355,167.40248135854972,-1900.0707219224355,-2067.473203280985
05_steer_bump,steer,corner,"Front-view IC, z",fvic_z_left,mm,-350.84434567629785,-357.72175357103936,-346.3476517450812,11.374101825958178,-357.72175357103936,-346.3476517450812
05_steer_bump,steer,corner,Front-view swing-arm length,fvsa_length_left,mm,2465.356615705517,2336.175551957393,2537.260866008008,201.08531405061512,2336.175551957393,2537.260866008008
05_steer_bump,steer,corner,"Side-view IC, x",svic_x_left,mm,-786118.5589969062,-812007.9850919455,-742148.3575629592,69859.62752898631,-742148.3575629592,-812007.9850919455
05_steer_bump,steer,corner,"Side-view IC, z",svic_z_left,mm,588.2752197487711,585.3547646072686,591.238078904496,5.883314297227344,591.238078904496,585.3547646072686
05_steer_bump,steer,corner,Side-view swing-arm length,svsa_length_left,mm,-786118.5622948753,-812024.1206361371,-742147.2750980047,69876.84553813236,-742147.2750980047,-812024.1206361371
05_steer_bump,steer,corner,Side-view swing-arm angle,svsa_angle_left,deg,-0.0400104773768643,-0.0425403418717257,-0.0384903796993163,0.004049962172409403,-0.0425403418717257,-0.0384903796993163
05_steer_bump,steer,corner,"Camber, road-relative",camber_road_left,deg,-0.6339140419528058,-3.880128658502559,5.125116663088503,9.005245321591062,5.125116663088503,-3.880128658502559
05_steer_bump,steer,axle,Track,track,mm,862.526,862.526,862.526,0.0,862.526,862.526
05_steer_bump,steer,axle,Track change,track_change,mm,-5.247344932950227,-20.338725177676334,-5.247344932950227,15.091380244726107,-20.33871804216153,-20.338725177676334
05_steer_bump,steer,axle,Track change rate,track_change_rate,mm/mm,-0.3208099048525388,-0.3269225814721228,-0.1864008233208306,0.14052175815129217,-0.1864008233208306,-0.2594271685372004
05_steer_bump,steer,axle,Roll-centre height,roll_center_z,mm,-29.384127555404618,-29.384127555404618,-28.5693463985793,0.8147811568253189,-28.5693463985793,-28.569347750925985
05_steer_bump,steer,axle,Roll-centre lateral position,roll_center_y,mm,4.175491312707891e-07,-4.043475859669172,4.043469133698011,8.086944993367183,4.043469133698011,-4.043475859669172
05_steer_bump,steer,axle,Body roll,roll,deg,2.359452865773231e-10,-1.2615973741677545e-08,9.301704508006104e-09,2.191767824968365e-08,0.0,-7.545581176741272e-09
05_steer_bump,steer,axle,Heave,heave,mm,40.00000003255303,39.999999944293705,40.0000000952291,1.5093539218469232e-07,40.0,40.00000005868122
05_steer_bump,steer,axle,Ride-height change,ride_height_change,mm,-40.01708824278023,-40.74162295978983,-40.01708824278023,0.7245347170095968,-40.74162264895228,-40.74162295978983
05_steer_bump,steer,axle,Rack displacement,rack_displacement,mm,-5.407514436228665e-10,-35.0,35.00000013424554,70.00000013424554,-35.0,35.00000013424554
05_steer_bump,steer,axle,Ackermann error (inner - outer),ackermann_error,deg,8.432670713003423e-07,8.432670713003423e-07,3.025534163264723,3.0255333199976517,3.0255290759048137,3.025534163264723
05_steer_bump,steer,axle,Ackermann,ackermann_percent,%,295.11470123183,67.43911662150173,459.7204876531894,392.2813710316877,84.31148188395557,84.31163234712315
05_steer_bump,steer,axle,Steering ratio,steer_per_rack_left,deg/mm,-0.6460364900009647,-0.8600437676327515,-0.6250853552098722,0.2349584124228793,-0.8600437676327515,-0.6251701671596663
05_steer_bump,steer,gradient,Camber gain,deriv_camber_wrt_hub_z_left,deg/mm,-0.0235821354987396,-0.0358963702538356,-0.0174563059603991,0.018440064293436503,-0.0358963702538356,-0.0174563059603991
05_steer_bump,steer,gradient,Bump steer rate,deriv_toe_angle_wrt_hub_z_left,deg/mm,0.000114759142291,-0.0437473544902818,0.0377021102577594,0.08144946474804121,0.0377021102577594,-0.0437473544902818
05_steer_bump,steer,gradient,ISO steer gain in bump,deriv_steer_angle_wrt_hub_z_left,deg/mm,-0.000114759142291,-0.0377021102577594,0.0437473544902818,0.08144946474804121,-0.0377021102577594,0.0437473544902818
05_steer_bump,steer,gradient,Caster gain,deriv_caster_wrt_hub_z_left,deg/mm,0.0008363377313191,0.0008145291019382,0.0008778424346988,6.331333276059995e-05,0.0008778424346988,0.0008145291019382
05_steer_bump,steer,gradient,KPI gain,deriv_kpi_wrt_hub_z_left,deg/mm,0.0235642527117248,0.0230358866054003,0.024570128028132,0.001534241422731699,0.024570128028132,0.0230358866054003
05_steer_bump,steer,gradient,Half-track change rate,deriv_half_track_wrt_hub_z_left,mm/mm,-0.1604049524262694,-0.1634612907360614,-0.0932004116604153,0.07026087907564608,-0.0932004116604153,-0.1297135842686002
05_steer_bump,steer,gradient,Wheel-centre recession rate,deriv_wheel_center_x_wrt_hub_z_left,mm/mm,0.0003818867106425,-0.017777533166212,0.0149472173051675,0.0327247504713795,0.0149472173051675,-0.017777533166212
05_steer_bump,steer,gradient,Damper rate vs wheel,deriv_damper_length_wrt_hub_z_left,mm/mm,-0.5249624162129976,-0.5258481782972417,-0.5242735626049797,0.001574615692262027,-0.5242735626049797,-0.5258481782972417
05_steer_bump,steer,gradient,Toe per rack,deriv_toe_angle_wrt_rack_displacement_left,deg/mm,0.6460364900009647,0.6250853552098722,0.8600437676327515,0.2349584124228793,0.8600437676327515,0.6251701671596663
05_steer_bump,steer,gradient,Steer per rack,deriv_steer_angle_wrt_rack_displacement_left,deg/mm,-0.6460364900009647,-0.8600437676327515,-0.6250853552098722,0.2349584124228793,-0.8600437676327515,-0.6251701671596663
05_steer_bump,steer,gradient,Camber per rack,deriv_camber_wrt_rack_displacement_left,deg/mm,-0.1127494285943948,-0.2630657805667103,-0.0785764762499898,0.1844893043167205,-0.2630657805667103,-0.0785764762499898
06_steer_droop,steer,corner,Camber,camber_left,deg,0.0865525967198054,-3.59010455672374,6.794108598918403,10.384213155642144,6.794108598918403,-3.59010455672374
06_steer_droop,steer,corner,Caster,caster_left,deg,9.998874025392489,9.998305420516374,9.99924057002574,0.000935149509366795,9.998305420516374,9.99924057002574
06_steer_droop,steer,corner,Kingpin inclination,kpi_left,deg,9.910746585459163,9.898327782562136,9.919072823863162,0.02074504130102639,9.898327782562136,9.919072823863162
06_steer_droop,steer,corner,Toe (positive = toe-in),toe_angle_left,deg,0.0156293938205379,-27.853706479593523,25.220237413254647,53.07394389284817,-27.853706479593523,25.220237413254647
06_steer_droop,steer,corner,ISO steer angle,steer_angle_left,deg,-0.0156293938205379,-25.220237413254647,27.853706479593523,53.07394389284817,27.853706479593523,-25.220237413254647
06_steer_droop,steer,corner,Scrub radius (ISO unsigned),scrub_radius_left,mm,54.694685947363325,33.21616346629571,70.62699599547781,37.4108325291821,70.62699599547781,33.21616346629571
06_steer_droop,steer,corner,Scrub radius (signed lateral),scrub_radius_signed_left,mm,-23.8544409025132,-24.167392293798184,-23.55847522499258,0.6089170688056029,-24.167392293798184,-23.55847522499258
06_steer_droop,steer,corner,Steering-axis offset at ground,steering_axis_offset_ground_left,mm,-23.8544409025132,-24.167392293798184,-23.55847522499258,0.6089170688056029,-24.167392293798184,-23.55847522499258
06_steer_droop,steer,corner,Mechanical trail,mechanical_trail_left,mm,49.21863793431517,23.41605774875628,66.36346670467798,42.947408955921695,66.36346670467798,23.41605774875628
06_steer_droop,steer,corner,Half track,half_track_left,mm,426.2924920343988,398.4933922827982,438.13585157453366,39.64245929173546,398.4933922827982,438.13585157453366
06_steer_droop,steer,corner,Wheel travel,wheel_travel_left,mm,-39.99999997460958,-40.00000005451827,-39.9999999176998,1.3681846411373044e-07,-39.99999999770773,-39.99999995909275
06_steer_droop,steer,corner,Damper length,damper_length_left,mm,263.0419982657942,261.7315825077506,263.77960968381547,2.0480271760648634,261.7315825077506,263.77960968381547
06_steer_droop,steer,corner,Motion ratio (damper/wheel),motion_ratio_left,mm/mm,0.5011122988211298,0.4989995114635288,0.5016452985635285,0.0026457870999996858,0.4989995114635288,0.5015921619390479
06_steer_droop,steer,corner,Motion ratio squared,motion_ratio_sq_left,-,0.2511135360297973,0.2490005124408404,0.2516480055708916,0.0026474931300512206,0.2490005124408404,0.251594696918688
06_steer_droop,steer,corner,"Front-view IC, y",fvic_y_left,mm,11200.277404910348,10004.393635290731,14131.84993669336,4127.456301402628,14131.84993669336,10004.393635290731
06_steer_droop,steer,corner,"Front-view IC, z",fvic_z_left,mm,-2422.1414471179314,-2892.881611258474,-2228.144569787805,664.7370414706693,-2892.881611258474,-2228.144569787805
06_steer_droop,steer,corner,Front-view swing-arm length,fvsa_length_left,mm,-11034.03896070456,-14026.716916168729,-9813.264748241494,4213.452167927235,-14026.716916168729,-9813.264748241494
06_steer_droop,steer,corner,"Side-view IC, x",svic_x_left,mm,695993.5039828357,668294.8214303997,750846.3688240291,82551.54739362944,750846.3688240291,668294.8214303997
06_steer_droop,steer,corner,"Side-view IC, z",svic_z_left,mm,463.5732486288366,461.8928016967275,468.5017042061677,6.608902509440213,468.5017042061677,461.8928016967275
06_steer_droop,steer,corner,Side-view swing-arm length,svsa_length_left,mm,695993.4906141611,668277.1398421177,750844.3350809136,82567.19523879595,750844.3350809136,668277.1398421177
06_steer_droop,steer,corner,Side-view swing-arm angle,svsa_angle_left,deg,0.0415128962377724,0.0387391683706768,0.0430520956471931,0.004312927276516304,0.0387391683706768,0.0430520956471931
06_steer_droop,steer,corner,"Camber, road-relative",camber_road_left,deg,0.08655259322552064,-3.5901045674485728,6.794108599722561,10.384213167171133,6.794108599722561,-3.5901045674485728
06_steer_droop,steer,axle,Track,track,mm,862.526,862.526,862.526,0.0,862.526,862.526
06_steer_droop,steer,axle,Track change,track_change,mm,-9.941013710679613,-25.89604982359765,-9.941013710679613,15.955036112918037,-25.89604982359765,-25.89604021347748
06_steer_droop,steer,axle,Track change rate,track_change_rate,mm/mm,0.441665787175734,0.4383621216962336,0.6624638172194643,0.22410169552323073,0.6624638172194643,0.5836799734488106
06_steer_droop,steer,axle,Roll-centre height,roll_center_z,mm,53.52643525500703,51.40693820808197,53.52643525500703,2.119497046925062,51.40693820808197,51.40694162570024
06_steer_droop,steer,axle,Roll-centre lateral position,roll_center_y,mm,-6.041269557499618e-06,-37.3730859011406,37.37306775285731,74.74615365399791,-37.3730859011406,37.37306775285731
06_steer_droop,steer,axle,Body roll,roll,deg,3.4942847661021484e-09,-5.396970562931699e-09,1.0724832533565071e-08,1.612180309649677e-08,-8.041576544348782e-10,1.0724832533565071e-08
06_steer_droop,steer,axle,Heave,heave,mm,-40.00000000063351,-40.00000003850181,-39.999999982648646,5.5853163871688594e-08,-39.99999999175357,-40.00000003850181
06_steer_droop,steer,axle,Ride-height change,ride_height_change,mm,39.99968143648472,38.9817321396624,39.99968143648472,1.017949296822323,38.9817321396624,38.98173280486747
06_steer_droop,steer,axle,Rack displacement,rack_displacement,mm,-4.476018489185663e-08,-34.999999990889535,34.99999978929574,69.99999978018528,-34.999999990889535,34.99999978929574
06_steer_droop,steer,axle,Ackermann error (inner - outer),ackermann_error,deg,2.5822867284995554e-06,-0.02970822038575882,2.633467192515802,2.663175412901561,2.633467192515802,2.6334625078014824
06_steer_droop,steer,axle,Ackermann,ackermann_percent,%,157.279833613992,-679.5315818307392,157.279833613992,836.8114154447312,56.11157046176827,56.11147892774052
06_steer_droop,steer,axle,Steering ratio,steer_per_rack_left,deg/mm,-0.7218396115534111,-0.9698728858012388,-0.7150397773230234,0.2548331084782154,-0.9698728858012388,-0.7329267783206087
06_steer_droop,steer,gradient,Camber gain,deriv_camber_wrt_hub_z_left,deg/mm,0.0053627018414607,-0.0113608904944703,0.0117284020813629,0.023089292575833198,-0.0113608904944703,0.0117284020813629
06_steer_droop,steer,gradient,Bump steer rate,deriv_toe_angle_wrt_hub_z_left,deg/mm,-0.0002298617899778,-0.0467866581350574,0.0464589339788005,0.0932455921138579,0.0464589339788005,-0.0467866581350574
06_steer_droop,steer,gradient,ISO steer gain in bump,deriv_steer_angle_wrt_hub_z_left,deg/mm,0.0002298617899778,-0.0464589339788005,0.0467866581350574,0.0932455921138579,-0.0464589339788005,0.0467866581350574
06_steer_droop,steer,gradient,Caster gain,deriv_caster_wrt_hub_z_left,deg/mm,-0.0002374757759629,-0.000260934405227,-0.0001968785370271,6.40558681999e-05,-0.0001968785370271,-0.000260934405227
06_steer_droop,steer,gradient,KPI gain,deriv_kpi_wrt_hub_z_left,deg/mm,-0.0053245207827169,-0.0059975001557218,-0.0041647739961224,0.0018327261595994003,-0.0041647739961224,-0.0059975001557218
06_steer_droop,steer,gradient,Half-track change rate,deriv_half_track_wrt_hub_z_left,mm/mm,0.220832893587867,0.2191810608481168,0.3312319086097322,0.11205084776161536,0.3312319086097322,0.2918399867244053
06_steer_droop,steer,gradient,Wheel-centre recession rate,deriv_wheel_center_x_wrt_hub_z_left,mm/mm,-0.0004348787446073,-0.0189580674612102,0.0176162134875539,0.036574280948764096,0.0176162134875539,-0.0189580674612102
06_steer_droop,steer,gradient,Damper rate vs wheel,deriv_damper_length_wrt_hub_z_left,mm/mm,-0.5011122988211298,-0.5016452985635285,-0.4989995114635288,0.0026457870999996858,-0.4989995114635288,-0.5015921619390479
06_steer_droop,steer,gradient,Toe per rack,deriv_toe_angle_wrt_rack_displacement_left,deg/mm,0.7218396115534111,0.7150397773230234,0.9698728858012388,0.2548331084782154,0.9698728858012388,0.7329267783206087
06_steer_droop,steer,gradient,Steer per rack,deriv_steer_angle_wrt_rack_displacement_left,deg/mm,-0.7218396115534111,-0.9698728858012388,-0.7150397773230234,0.2548331084782154,-0.9698728858012388,-0.7329267783206087
06_steer_droop,steer,gradient,Camber per rack,deriv_camber_wrt_rack_displacement_left,deg/mm,-0.1275639770222112,-0.3222269569682467,-0.0896468694235353,0.23258008754471143,-0.3222269569682467,-0.0896468694235353
07_bump_at_steer,heave_at_steer,corner,Camber,camber_left,deg,-2.121775775668001,-3.2241184827618,-2.068637943896866,1.1554805388649343,-2.5516066145776435,-3.2241184827618
07_bump_at_steer,heave_at_steer,corner,Caster,caster_left,deg,9.999764401661867,9.996896142738118,10.04581178957433,0.04891564683621219,10.010255788802578,10.04581178957433
07_bump_at_steer,heave_at_steer,corner,Kingpin inclination,kpi_left,deg,9.991885393268992,9.876673159925597,11.301234251724942,1.4245610917993456,10.201064979385151,11.301234251724942
07_bump_at_steer,heave_at_steer,corner,Toe (positive = toe-in),toe_angle_left,deg,13.494874494585549,12.058121432216684,15.062314081761455,3.0041926495447715,15.062314081761455,12.058121432216684
07_bump_at_steer,heave_at_steer,corner,ISO steer angle,steer_angle_left,deg,-13.494874494585549,-15.062314081761455,-12.058121432216684,3.0041926495447715,-15.062314081761455,-12.058121432216684
07_bump_at_steer,heave_at_steer,corner,Scrub radius (ISO unsigned),scrub_radius_left,mm,43.29050839148472,41.724818827884505,43.56483124178316,1.8400124138986556,41.724818827884505,43.56483124178316
07_bump_at_steer,heave_at_steer,corner,Scrub radius (signed lateral),scrub_radius_signed_left,mm,-23.682690946541143,-23.784536552361025,-23.66831573295763,0.11622081940339513,-23.676702351672837,-23.784536552361025
07_bump_at_steer,heave_at_steer,corner,Steering-axis offset at ground,steering_axis_offset_ground_left,mm,-23.682690946541143,-23.784536552361025,-23.66831573295763,0.11622081940339513,-23.676702351672837,-23.784536552361025
07_bump_at_steer,heave_at_steer,corner,Mechanical trail,mechanical_trail_left,mm,36.23807757489112,34.35657538186942,36.49918275954201,2.14260737767259,34.35657538186942,36.49918275954201
07_bump_at_steer,heave_at_steer,corner,Half track,half_track_left,mm,440.32928338454894,429.1161448935215,440.3787121096576,11.26256721613612,429.1161448935215,431.8592433551293
07_bump_at_steer,heave_at_steer,corner,Wheel travel,wheel_travel_left,mm,-2.833968437698786e-08,-63.49999996013696,63.4999999993222,126.99999995945916,-63.49999996013696,63.4999999993222
07_bump_at_steer,heave_at_steer,corner,Damper length,damper_length_left,mm,243.2800346000865,210.0982698834769,275.27926774536024,65.18099786188336,275.27926774536024,210.0982698834769
07_bump_at_steer,heave_at_steer,corner,Motion ratio (damper/wheel),motion_ratio_left,mm/mm,0.511654688296553,0.4993151191482315,0.5333652882991223,0.03405016915089082,0.4993151191482315,0.5333652882991223
07_bump_at_steer,heave_at_steer,corner,Motion ratio squared,motion_ratio_sq_left,-,0.26179052005584286,0.24931558821001262,0.28447853076240587,0.035162942552393245,0.24931558821001262,0.28447853076240587
07_bump_at_steer,heave_at_steer,corner,"Front-view IC, y",fvic_y_left,mm,-6146.480393210828,-3117911.6289923675,79785.1945739009,3197696.823566268,3311.096373866326,-1170.4221443698905
07_bump_at_steer,heave_at_steer,corner,"Front-view IC, z",fvic_z_left,mm,218.92601779110868,-13229.175894509552,488763.4396991902,501992.61559369974,-1048.6788776858164,-366.5472090939067
07_bump_at_steer,heave_at_steer,corner,Front-view swing-arm length,fvsa_length_left,mm,6590.464158793488,-80437.95076831529,3156425.318242289,3236863.2690106044,-3045.5733541786512,1658.917660870084
07_bump_at_steer,heave_at_steer,corner,"Side-view IC, x",svic_x_left,mm,33102324.72605354,-28452309.891933978,33102324.72605354,61554634.61798751,390869.0181273086,-503746.8142045559
07_bump_at_steer,heave_at_steer,corner,"Side-view IC, z",svic_z_left,mm,523.8689447594318,422.2320414622295,628.5771075780052,206.3450661157757,422.2320414622295,628.5771075780052
07_bump_at_steer,heave_at_steer,corner,Side-view swing-arm length,svsa_length_left,mm,33102316.45299948,-28452318.155124247,33102316.45299948,61554634.60812373,390859.2850392813,-503755.3059377778
07_bump_at_steer,heave_at_steer,corner,Side-view swing-arm angle,svsa_angle_left,deg,0.000907646922141,-0.0643018713244334,0.0712678417481557,0.13556971307258908,0.0712678417481557,-0.0643018713244334
07_bump_at_steer,heave_at_steer,corner,"Camber, road-relative",camber_road_left,deg,-2.121775779637892,-3.2241184854460414,-2.0686379445249377,1.1554805409211037,-2.5516066156590833,-3.2241184854460414
07_bump_at_steer,heave_at_steer,axle,Track,track,mm,862.526,862.526,862.526,0.0,862.526,862.526
07_bump_at_steer,heave_at_steer,axle,Track change,track_change,mm,-4.899478029647753,-28.80967147470767,-4.711109815418126,24.098561659289544,-28.80967147470767,-20.392098704205864
07_bump_at_steer,heave_at_steer,axle,Track change rate,track_change_rate,mm/mm,0.0794315138090716,-0.5576716800094323,0.709450187996601,1.2671218680060332,0.709450187996601,-0.5576716800094323
07_bump_at_steer,heave_at_steer,axle,Roll-centre height,roll_center_z,mm,11.398332919394484,-52.273835835963226,75.39072575369505,127.66456158965828,75.39072575369505,-52.273835835963226
07_bump_at_steer,heave_at_steer,axle,Roll-centre lateral position,roll_center_y,mm,82.62164701574704,-211.0568313680397,7438.886651789488,7649.943483157527,21.338520733893176,1.2615541987504455
07_bump_at_steer,heave_at_steer,axle,Roll-centre migration vs travel,rc_migration_rate,mm/mm,-1.0940286674664361,-9.992807953511846,8.200639446348692,18.19344739986054,-0.8751182250827515,-0.9449643441772646
07_bump_at_steer,heave_at_steer,axle,Body roll,roll,deg,3.9698909888169955e-09,-1.1279867315156754e-08,6.931320382182231e-09,1.8211187697338985e-08,1.081439916147895e-09,2.6842414259836247e-09
07_bump_at_steer,heave_at_steer,axle,Heave,heave,mm,-5.817079795633617e-08,-63.49999996802754,63.499999979814106,126.99999994784164,-63.49999996802754,63.499999979814106
07_bump_at_steer,heave_at_steer,axle,Ride-height change,ride_height_change,mm,-0.2571446784970578,-63.73646930792203,63.18343713010916,126.91990643803119,63.18343713010916,-63.73646930792203
07_bump_at_steer,heave_at_steer,axle,Rack displacement,rack_displacement,mm,19.999999945798805,19.99999904116308,20.00000018713527,1.1459721918072319e-06,19.999999992315736,19.99999996449975
07_bump_at_steer,heave_at_steer,axle,Steering ratio,steer_per_rack_left,deg/mm,-0.6718412920831691,-0.7566555422448634,-0.5925722292158518,0.16408331302901158,-0.7566555422448634,-0.5925722292158518
07_bump_at_steer,heave_at_steer,gradient,Camber gain,deriv_camber_wrt_hub_z_left,deg/mm,-0.005941155480159,-0.0316614370381434,0.0250903419310427,0.056751778969186095,0.0250903419310427,-0.0316614370381434
07_bump_at_steer,heave_at_steer,gradient,Bump steer rate,deriv_toe_angle_wrt_hub_z_left,deg/mm,-0.0195167065274908,-0.0376700466368237,-0.0194836219623127,0.018186424674510995,-0.0376700466368237,-0.0307873987679442
07_bump_at_steer,heave_at_steer,gradient,ISO steer gain in bump,deriv_steer_angle_wrt_hub_z_left,deg/mm,0.0195167065274908,0.0194836219623127,0.0376700466368237,0.018186424674510995,0.0376700466368237,0.0307873987679442
07_bump_at_steer,heave_at_steer,gradient,Caster gain,deriv_caster_wrt_hub_z_left,deg/mm,0.000261007760295,-0.0007450315821477,0.0013690532168948,0.0021140847990425,-0.0007450315821477,0.0013690532168948
07_bump_at_steer,heave_at_steer,gradient,KPI gain,deriv_kpi_wrt_hub_z_left,deg/mm,0.0087212167221439,-0.0198586425956141,0.0361538412593122,0.0560124838549263,-0.0198586425956141,0.0361538412593122
07_bump_at_steer,heave_at_steer,gradient,Half-track change rate,deriv_half_track_wrt_hub_z_left,mm/mm,0.0397157569045358,-0.2788358400047162,0.3547250939983005,0.6335609340030166,0.3547250939983005,-0.2788358400047162
07_bump_at_steer,heave_at_steer,gradient,Wheel-centre recession rate,deriv_wheel_center_x_wrt_hub_z_left,mm/mm,-0.0084271921705683,-0.0165400237392229,-0.0083809661000875,0.0081590576391354,-0.0165400237392229,-0.0129288196340974
07_bump_at_steer,heave_at_steer,gradient,Damper rate vs wheel,deriv_damper_length_wrt_hub_z_left,mm/mm,-0.511654688296553,-0.5333652882991223,-0.4993151191482315,0.03405016915089082,-0.4993151191482315,-0.5333652882991223
07_bump_at_steer,heave_at_steer,gradient,Toe per rack,deriv_toe_angle_wrt_rack_displacement_left,deg/mm,0.6718412920831691,0.5925722292158518,0.7566555422448634,0.16408331302901158,0.7566555422448634,0.5925722292158518
07_bump_at_steer,heave_at_steer,gradient,Steer per rack,deriv_steer_angle_wrt_rack_displacement_left,deg/mm,-0.6718412920831691,-0.7566555422448634,-0.5925722292158518,0.16408331302901158,-0.7566555422448634,-0.5925722292158518
07_bump_at_steer,heave_at_steer,gradient,Camber per rack,deriv_camber_wrt_rack_displacement_left,deg/mm,-0.0949949509642968,-0.1058651282920032,-0.0845417794217572,0.021323348870246006,-0.1058651282920032,-0.0845417794217572
08_damper_stroke,damper_stroke,corner,Camber,camber_left,deg,-1.1253259585856537,-1.1253259585856537,0.1212863882078281,1.2466123467934818,-1.1253259585856537,-0.1145907891457004
08_damper_stroke,damper_stroke,corner,Caster,caster_left,deg,10.039215154808543,9.99689819699801,10.039215154808543,0.042316957810532685,10.039215154808543,10.006906460954797
08_damper_stroke,damper_stroke,corner,Kingpin inclination,kpi_left,deg,11.125722431306867,9.876830501010764,11.125722431306867,1.2488919302961037,11.125722431306867,10.112359757607043
08_damper_stroke,damper_stroke,corner,Toe (positive = toe-in),toe_angle_left,deg,-0.0016469988640252,-0.0069162666592145,0.0166218980958253,0.0235381647550398,-0.0016469988640252,0.0132944868487692
08_damper_stroke,damper_stroke,corner,ISO steer angle,steer_angle_left,deg,0.0016469988640252,-0.0166218980958253,0.0069162666592145,0.0235381647550398,0.0016469988640252,-0.0132944868487692
08_damper_stroke,damper_stroke,corner,Scrub radius (ISO unsigned),scrub_radius_left,mm,54.83778846278137,54.690860293908,54.83778846278137,0.1469281688733659,54.83778846278137,54.72501368797164
08_damper_stroke,damper_stroke,corner,Scrub radius (signed lateral),scrub_radius_signed_left,mm,-23.94904101186187,-23.94904101186187,-23.851908681883778,0.09713232997809129,-23.94904101186187,-23.86958241919541
08_damper_stroke,damper_stroke,corner,Steering-axis offset at ground,steering_axis_offset_ground_left,mm,-23.94904101186187,-23.94904101186187,-23.851908681883778,0.09713232997809129,-23.94904101186187,-23.86958241919541
08_damper_stroke,damper_stroke,corner,Mechanical trail,mechanical_trail_left,mm,49.33179986682947,49.215594843515454,49.33179986682947,0.11620502331401639,49.33179986682947,49.24500135325332
08_damper_stroke,damper_stroke,corner,Half track,half_track_left,mm,425.0794726294866,421.0365839309271,431.35032606695006,10.313742136022938,425.0794726294866,421.0365839309271
08_damper_stroke,damper_stroke,corner,Wheel travel,wheel_travel_left,mm,57.5758586398905,-59.55039294850701,57.5758586398905,117.12625158839751,57.5758586398905,-59.55039294850701
08_damper_stroke,damper_stroke,corner,Damper length,damper_length_left,mm,212.81129892190523,212.81129892190523,272.8112988244799,59.99999990257464,212.81129892190523,272.8112988244799
08_damper_stroke,damper_stroke,corner,Motion ratio (damper/wheel),motion_ratio_left,mm/mm,0.5304465960878895,0.49871543842350796,0.5304465960878895,0.031731157664381504,0.5304465960878895,0.49871543842350796
08_damper_stroke,damper_stroke,corner,Motion ratio squared,motion_ratio_sq_left,-,0.2813735913012286,0.24871708852195176,0.2813735913012286,0.032656502779276814,0.2813735913012286,0.24871708852195176
08_damper_stroke,damper_stroke,corner,"Front-view IC, y",fvic_y_left,mm,-1329.4346609877216,-166758.58227827115,167324.95294308828,334083.53522135946,-1329.4346609877216,3980.811359782032
08_damper_stroke,damper_stroke,corner,"Front-view IC, z",fvic_z_left,mm,-371.9023699807264,-26974.76271118475,25467.036190249022,52441.79890143377,-371.9023699807264,-1186.5425295967495
08_damper_stroke,damper_stroke,corner,Front-view swing-arm length,fvsa_length_left,mm,1806.1607891919448,-169057.64033136584,169120.03740141433,338177.67773278017,1806.1607891919448,-3733.702142604231
08_damper_stroke,damper_stroke,corner,"Side-view IC, x",svic_x_left,mm,-548346.3126156488,-16630277.367833804,16525783.229087643,33156060.596921448,-548346.3126156488,433633.970182928
08_damper_stroke,damper_stroke,corner,"Side-view IC, z",svic_z_left,mm,619.2027566303623,430.7430177556348,619.2027566303623,188.45973887472746,619.2027566303623,430.7430177556348
08_damper_stroke,damper_stroke,corner,Side-view swing-arm length,svsa_length_left,mm,-548346.325470367,-16630277.36754908,16525783.228765046,33156060.596314125,-548346.325470367,433633.9493444636
08_damper_stroke,damper_stroke,corner,Side-view swing-arm angle,svsa_angle_left,deg,-0.0587509386250475,-0.0587509386250475,0.0648745473664981,0.1236254859915456,-0.0587509386250475,0.0648745473664981
08_damper_stroke,damper_stroke,corner,"Camber, road-relative",camber_road_left,deg,-1.1253259552798782,-1.1253259552798782,0.12128639197272137,1.2466123472525996,-1.1253259552798782,-0.11459078051342672
08_damper_stroke,damper_stroke,axle,Track,track,mm,862.526,862.526,862.526,0.0,862.526,862.526
08_damper_stroke,damper_stroke,axle,Track change,track_change,mm,-12.367054199042856,-20.452831388308823,0.1746527158362596,20.627484104145083,-12.367054199042856,-20.452831388308823
08_damper_stroke,damper_stroke,axle,Roll-centre height,roll_center_z,mm,-46.96669826263072,-46.96669826263072,72.96377000298585,119.93046826561658,-46.96669826263072,72.96377000298585
08_damper_stroke,damper_stroke,axle,Roll-centre lateral position,roll_center_y,mm,-1.1077150929850177e-07,-1.0079275625685112e-05,4.270782710591448e-06,1.4350058336276561e-05,-1.1077150929850177e-07,-4.2961130475305254e-07
08_damper_stroke,damper_stroke,axle,Body roll,roll,deg,-3.3057754664495014e-09,-1.004705569852643e-07,1.6806168620854024e-09,1.021511738473497e-07,-3.3057754664495014e-09,-8.632273671808549e-09
08_damper_stroke,damper_stroke,axle,Heave,heave,mm,57.5758586640998,-59.550392885157095,57.5758586640998,117.12625154925689,57.5758586640998,-59.550392885157095
08_damper_stroke,damper_stroke,axle,Ride-height change,ride_height_change,mm,-57.62970831713133,-57.62970831713133,59.54983449215547,117.1795428092868,-57.62970831713133,59.54983449215547
08_damper_stroke,damper_stroke,axle,Rack displacement,rack_displacement,mm,-1.2732925824820995e-11,-5.080091796116903e-07,3.34722471961868e-10,5.083439020836522e-07,-1.2732925824820995e-11,-3.1042191039887257e-10
08_damper_stroke,damper_stroke,axle,Steering ratio,steer_per_rack_left,deg/mm,-0.625352920088043,-0.7486776488047031,-0.625352920088043,0.12332472871666011,-0.625352920088043,-0.7486776488047031
08_damper_stroke,damper_stroke,gradient,Toe per rack,deriv_toe_angle_wrt_rack_displacement_left,deg/mm,0.625352920088043,0.625352920088043,0.7486776488047031,0.12332472871666011,0.625352920088043,0.7486776488047031
08_damper_stroke,damper_stroke,gradient,Steer per rack,deriv_steer_angle_wrt_rack_displacement_left,deg/mm,-0.625352920088043,-0.7486776488047031,-0.625352920088043,0.12332472871666011,-0.625352920088043,-0.7486776488047031
08_damper_stroke,damper_stroke,gradient,Camber per rack,deriv_camber_wrt_rack_displacement_left,deg/mm,-0.1102851264738918,-0.1320273835671039,-0.1102851264738918,0.021742257093212092,-0.1102851264738918,-0.1320273835671039
