# kinematics forces, format 1
# frame: vehicle (ISO 8855: X forward, Y left, Z up)
# units: N, N-mm | sign: force acting ON the named part AT that joint
# mass: 294.5 kg | g: 9.80665 | wheelbase: 2240.0 mm
# worst condition number: 7.982e+02
# config: C:\Users\rapha\Documents\BSSR\Suspension_App\BSSR-suspension\Working\models\aurora_evo\forces.yaml sha256=e2e77fd8e72df4814f74751a6375d2f671934b6972d8ce5c387d6d8a9d364d2b
# front: C:\Users\rapha\Documents\BSSR\Suspension_App\BSSR-suspension\Working\models\aurora_evo\front.yaml sha256=cb337c0f10b46555e7a36eb355299bd76baae328d2deb19d10fe4d2943dee045
# rear: C:\Users\rapha\Documents\BSSR\Suspension_App\BSSR-suspension\Working\models\aurora_evo\rear.yaml sha256=b9bec0def418f070f87c122e84305e3dd1a89d1091caa7b602b40f24402bbef5
# cases: C:\Users\rapha\Documents\BSSR\Suspension_App\BSSR-suspension\Working\cases.csv sha256=6bd32b6ff20a9a67abc5168c60ceb98a75969bd8d6750a8dd80ab2e36a075018
#
PART:,Lower Wishbone
Case,,,,lower_wishbone_inboard_front,,,,lower_wishbone_inboard_rear,,,,lower_wishbone_outboard,,,,strut_bottom,,,,flags
bump,brake,corner,side,x,y,z,mag,x,y,z,mag,x,y,z,mag,x,y,z,mag,
2,1,1,left,1410.35,-3319.114,2178.397,4213.195,1410.35,3098.009,522.815,3443.847,-2820.699,-2355.129,3381.396,4993.677,0.0,2576.234,-6082.608,6605.687,
2,1,1,right,436.01,2398.72,699.938,2536.509,436.01,-628.324,167.985,783.016,-872.021,-942.63,1086.472,1682.08,0.0,-827.766,-1954.395,2122.464,
2,1,-1,left,389.44,-2142.51,625.177,2265.582,389.44,561.212,150.042,699.382,-778.879,841.947,970.425,1502.415,0.0,739.352,-1745.644,1895.762,
2,1,-1,right,1457.384,3429.805,2251.045,4353.704,1457.384,-3201.326,540.251,3558.697,-2914.768,2433.671,3494.164,5160.215,0.0,-2662.151,-6285.461,6825.984,
2,0,1,left,81.715,-346.153,2019.375,2050.457,81.715,142.576,484.65,511.753,-163.431,-2184.593,3134.556,3824.211,0.0,2388.17,-5638.58,6123.475,
2,0,1,right,17.761,1133.176,536.284,1253.796,17.761,222.918,128.708,258.018,-35.521,-721.868,832.442,1102.414,0.0,-634.225,-1497.435,1626.208,
2,0,-1,left,15.285,-975.204,461.523,1079.009,15.285,-191.841,110.765,222.049,-30.569,621.235,716.394,948.73,0.0,545.81,-1288.683,1399.504,
2,0,-1,right,84.655,358.606,2092.024,2124.224,84.655,-147.705,502.086,530.163,-169.311,2263.186,3247.324,3961.791,0.0,-2474.087,-5841.434,6343.773,
2,1,0,left,897.387,-3517.452,1413.206,3895.5,897.387,1633.892,339.169,1894.715,-1794.774,212.262,2193.636,2842.236,0.0,1671.298,-3946.011,4285.352,
2,1,0,right,944.19,3700.902,1486.911,4098.668,944.19,-1719.107,356.859,1993.532,-1888.38,-223.332,2308.044,2990.471,0.0,-1758.463,-4151.813,4508.852,
6,0,0,left,137.978,-4341.954,3755.604,5742.488,137.978,-661.052,901.345,1126.255,-275.955,561.522,5829.601,5863.08,0.0,4441.485,-10486.551,11388.351,
6,0,0,right,146.101,4597.592,3976.72,6080.584,146.101,699.972,954.413,1192.565,-292.202,-594.582,6172.826,6208.276,0.0,-4702.982,-11103.959,12058.853,
4,1,0,left,895.117,-4857.246,2665.074,5612.191,895.117,1306.072,639.618,1707.68,-1790.233,399.381,4136.837,4525.247,0.0,3151.793,-7441.529,8081.47,
4,1,0,right,944.627,5125.909,2812.485,5922.612,944.627,-1378.313,674.996,1802.134,-1889.255,-421.471,4365.653,4775.547,0.0,-3326.124,-7853.134,8528.471,

PART:,Front Spring/Damper
Case,,,,strut_bottom,,,,strut_top,,,,flags
bump,brake,corner,side,x,y,z,mag,x,y,z,mag,
2,1,1,left,-0.0,-2576.234,6082.608,6605.687,0.0,2576.234,-6082.608,6605.687,
2,1,1,right,-0.0,827.766,1954.395,2122.464,0.0,-827.766,-1954.395,2122.464,
2,1,-1,left,-0.0,-739.352,1745.644,1895.762,0.0,739.352,-1745.644,1895.762,
2,1,-1,right,-0.0,2662.151,6285.461,6825.984,0.0,-2662.151,-6285.461,6825.984,
2,0,1,left,-0.0,-2388.17,5638.58,6123.475,0.0,2388.17,-5638.58,6123.475,
2,0,1,right,-0.0,634.225,1497.435,1626.208,0.0,-634.225,-1497.435,1626.208,
2,0,-1,left,-0.0,-545.81,1288.683,1399.504,0.0,545.81,-1288.683,1399.504,
2,0,-1,right,-0.0,2474.087,5841.434,6343.773,0.0,-2474.087,-5841.434,6343.773,
2,1,0,left,-0.0,-1671.298,3946.011,4285.352,0.0,1671.298,-3946.011,4285.352,
2,1,0,right,-0.0,1758.463,4151.813,4508.852,0.0,-1758.463,-4151.813,4508.852,
6,0,0,left,-0.0,-4441.485,10486.551,11388.351,0.0,4441.485,-10486.551,11388.351,
6,0,0,right,-0.0,4702.982,11103.959,12058.853,0.0,-4702.982,-11103.959,12058.853,
4,1,0,left,-0.0,-3151.793,7441.529,8081.47,0.0,3151.793,-7441.529,8081.47,
4,1,0,right,-0.0,3326.124,7853.134,8528.471,0.0,-3326.124,-7853.134,8528.471,

PART:,Track Rod
Case,,,,trackrod_inboard,,,,trackrod_outboard,,,,flags
bump,brake,corner,side,x,y,z,mag,x,y,z,mag,
2,1,1,left,101.151,627.854,35.634,636.948,-101.151,-627.854,-35.634,636.948,
2,1,1,right,-68.979,428.161,-24.3,434.363,68.979,-428.161,24.3,434.363,
2,1,-1,left,-61.611,-382.429,-21.705,387.968,61.611,382.429,21.705,387.968,
2,1,-1,right,104.524,-648.793,36.822,658.19,-104.524,648.793,-36.822,658.19,
2,0,1,left,98.2,609.539,34.594,618.367,-98.2,-609.539,-34.594,618.367,
2,0,1,right,-51.706,320.949,-18.215,325.597,51.706,-320.949,18.215,325.597,
2,0,-1,left,-44.498,-276.206,-15.676,280.207,44.498,276.206,15.676,280.207,
2,0,-1,right,101.733,-631.468,35.839,640.613,-101.733,631.468,-35.839,640.613,
2,1,0,left,-38.294,-237.695,-13.49,241.138,38.294,237.695,13.49,241.138,
2,1,0,right,-40.291,250.092,-14.194,253.714,40.291,-250.092,14.194,253.714,
6,0,0,left,-93.638,-581.224,-32.987,589.642,93.638,581.224,32.987,589.642,
6,0,0,right,-99.151,615.445,-34.929,624.358,99.151,-615.445,34.929,624.358,
4,1,0,left,-69.332,-430.353,-24.424,436.586,69.332,430.353,24.424,436.586,
4,1,0,right,-73.167,454.157,-25.775,460.734,73.167,-454.157,25.775,460.734,

PART:,Upper Wishbone
Case,,,,upper_wishbone_inboard_front,,,,upper_wishbone_inboard_rear,,,,upper_wishbone_outboard,,,,flags
bump,brake,corner,side,x,y,z,mag,x,y,z,mag,x,y,z,mag,
2,1,1,left,-607.421,554.716,29.672,823.135,-607.421,-1830.692,-97.924,1931.317,1214.843,1275.976,68.252,1763.126,
2,1,1,right,-135.032,-684.048,36.59,698.208,-135.032,-153.765,8.225,204.804,270.063,837.813,-44.815,881.404,
2,1,-1,left,-120.609,610.985,32.682,623.632,-120.609,137.341,7.346,182.929,241.218,-748.326,-40.028,787.261,
2,1,-1,right,-627.679,-573.216,30.661,850.586,-627.679,1891.745,-101.19,1995.725,1255.357,-1318.529,70.528,1821.926,
2,0,1,left,-130.815,-349.008,-18.669,373.186,-130.815,-862.735,-46.148,873.815,261.631,1211.743,64.816,1241.359,
2,0,1,right,8.093,-301.338,16.119,301.877,8.093,-333.119,17.819,333.693,-16.185,634.457,-33.937,635.57,
2,0,-1,left,6.965,259.33,13.872,259.794,6.965,286.68,15.335,287.174,-13.929,-546.01,-29.206,546.968,
2,0,-1,right,-135.522,361.564,-19.34,386.612,-135.522,893.772,-47.808,905.252,271.043,-1255.337,67.148,1286.018,
2,1,0,left,-332.476,877.812,46.954,939.84,-332.476,-427.856,-22.886,542.332,664.951,-449.957,-24.068,803.244,
2,1,0,right,-349.816,-923.594,49.403,988.857,-349.816,450.17,-24.08,570.617,699.632,473.424,-25.324,845.137,
6,0,0,left,-91.158,750.368,40.137,756.95,-91.158,392.378,20.988,403.375,182.317,-1142.746,-61.126,1158.812,
6,0,0,right,-96.526,-794.547,42.5,801.516,-96.526,-415.48,22.224,427.124,193.051,1210.027,-64.724,1227.038,
4,1,0,left,-345.841,1093.944,58.515,1148.801,-345.841,-264.21,-14.133,435.445,691.682,-829.734,-44.383,1081.134,
4,1,0,right,-364.97,-1154.452,61.752,1212.343,-364.97,278.824,-14.914,459.531,729.94,875.628,-46.837,1140.934,

PART:,Upright
Case,,,,lower_wishbone_outboard,,,,trackrod_outboard,,,,upper_wishbone_outboard,,,,wheel_contact_centre (applied),,,,flags
bump,brake,corner,side,x,y,z,mag,x,y,z,mag,x,y,z,mag,x,y,z,mag,
2,1,1,left,2820.699,2355.129,-3381.396,4993.677,101.151,627.854,35.634,636.948,-1214.843,-1275.976,-68.252,1763.126,-1707.007,-1707.007,3414.015,4181.297,
2,1,1,right,872.021,942.63,-1086.472,1682.08,-68.979,428.161,-24.3,434.363,-270.063,-837.813,44.815,881.404,-532.979,-532.979,1065.957,1305.526,
2,1,-1,left,778.879,-841.947,-970.425,1502.415,-61.611,-382.429,-21.705,387.968,-241.218,748.326,40.028,787.261,-476.051,476.051,952.101,1166.081,
2,1,-1,right,2914.768,-2433.671,-3494.164,5160.215,104.524,-648.793,36.822,658.19,-1255.357,1318.529,-70.528,1821.926,-1763.935,1763.935,3527.871,4320.741,
2,0,1,left,163.431,2184.593,-3134.556,3824.211,98.2,609.539,34.594,618.367,-261.631,-1211.743,-64.816,1241.359,-0.0,-1582.389,3164.778,3538.329,
2,0,1,right,35.521,721.868,-832.442,1102.414,-51.706,320.949,-18.215,325.597,16.185,-634.457,33.937,635.57,-0.0,-408.36,816.72,913.121,
2,0,-1,left,30.569,-621.235,-716.394,948.73,-44.498,-276.206,-15.676,280.207,13.929,546.01,29.206,546.968,-0.0,351.432,702.864,785.826,
2,0,-1,right,169.311,-2263.186,-3247.324,3961.791,101.733,-631.468,35.839,640.613,-271.043,1255.337,-67.148,1286.018,-0.0,1639.317,3278.634,3665.624,
2,1,0,left,1794.774,-212.262,-2193.636,2842.236,-38.294,-237.695,-13.49,241.138,-664.951,449.957,24.068,803.244,-1091.529,-0.0,2183.058,2440.733,
2,1,0,right,1888.38,223.332,-2308.044,2990.471,-40.291,250.092,-14.194,253.714,-699.632,-473.424,25.324,845.137,-1148.457,-0.0,2296.914,2568.028,
6,0,0,left,275.955,-561.522,-5829.601,5863.08,-93.638,-581.224,-32.987,589.642,-182.317,1142.746,61.126,1158.812,-0.0,-0.0,5801.463,5801.463,
6,0,0,right,292.202,594.582,-6172.826,6208.276,-99.151,615.445,-34.929,624.358,-193.051,-1210.027,64.724,1227.038,-0.0,-0.0,6143.031,6143.031,
4,1,0,left,1790.233,-399.381,-4136.837,4525.247,-69.332,-430.353,-24.424,436.586,-691.682,829.734,44.383,1081.134,-1029.22,-0.0,4116.879,4243.582,
4,1,0,right,1889.255,421.471,-4365.653,4775.547,-73.167,454.157,-25.775,460.734,-729.94,-875.628,46.837,1140.934,-1086.148,-0.0,4344.591,4478.302,

PART:,Semi-Trailing Arm
Case,,,,strut_bottom,,,,trailing_arm_pivot_a,,,,trailing_arm_pivot_b,,,,wheel_contact_centre (applied),,,,flags
bump,brake,corner,side,x,y,z,mag,x,y,z,mag,x,y,z,mag,x,y,z,mag,
2,1,1,centre,-2185.386,0.0,-2185.386,3090.602,3550.506,324.036,3069.437,4704.523,-717.048,324.036,-2180.196,2317.847,-648.073,-648.073,1296.145,1587.447,
2,1,-1,centre,-2185.386,0.0,-2185.386,3090.602,-188.374,-324.036,292.695,475.557,3021.832,-324.036,596.545,3097.15,-648.073,648.073,1296.145,1587.447,
2,0,1,centre,-2206.499,0.0,-2206.499,3120.46,4285.699,448.655,3619.62,5627.624,-2079.201,448.655,-3207.74,3848.891,-0.0,-897.309,1794.619,2006.445,
2,0,-1,centre,-2206.499,0.0,-2206.499,3120.46,-891.086,-448.655,-225.006,1022.718,3097.585,-448.655,636.886,3194.048,-0.0,897.309,1794.619,2006.445,
2,1,0,centre,-2185.386,0.0,-2185.386,3090.602,1681.066,-0.0,1681.066,2377.386,1152.392,0.0,-791.825,1398.212,-648.073,-0.0,1296.145,1449.134,
6,0,0,centre,-6619.496,0.0,-6619.496,9361.381,5091.92,-0.0,5091.92,7201.062,1527.576,0.0,-3856.281,4147.817,-0.0,-0.0,5383.857,5383.857,
4,1,0,centre,-4505.675,0.0,-4505.675,6371.987,3465.904,-0.0,3465.904,4901.529,1812.462,0.0,-2050.993,2737.077,-772.691,-0.0,3090.764,3185.887,

PART:,Rear Spring/Damper
Case,,,,strut_bottom,,,,strut_top,,,,flags
bump,brake,corner,side,x,y,z,mag,x,y,z,mag,
2,1,1,centre,2185.386,-0.0,2185.386,3090.602,-2185.386,0.0,-2185.386,3090.602,
2,1,-1,centre,2185.386,-0.0,2185.386,3090.602,-2185.386,0.0,-2185.386,3090.602,
2,0,1,centre,2206.499,-0.0,2206.499,3120.46,-2206.499,0.0,-2206.499,3120.46,
2,0,-1,centre,2206.499,-0.0,2206.499,3120.46,-2206.499,0.0,-2206.499,3120.46,
2,1,0,centre,2185.386,-0.0,2185.386,3090.602,-2185.386,0.0,-2185.386,3090.602,
6,0,0,centre,6619.496,-0.0,6619.496,9361.381,-6619.496,0.0,-6619.496,9361.381,
4,1,0,centre,4505.675,-0.0,4505.675,6371.987,-4505.675,0.0,-4505.675,6371.987,

