sweep,kind,channel,characteristic,column,unit,at_design,min,max,range,at_start,at_end
01_bump_parallel,heave,camber,Camber,camber_left,deg,3.410637732728124e-07,-0.8833206088815545,0.1210076252248146,1.004328234106369,-0.048262411343246,-0.8833206088815545
01_bump_parallel,heave,caster,Caster,caster_left,deg,10.000008396467782,9.996327592125636,10.027917673826533,0.03159008170089628,10.001378447949758,10.027917673826533
01_bump_parallel,heave,toe,Toe (positive = toe-in),toe_angle_left,deg,-1.5001479503735277e-06,-0.0073486225876696,0.0173256756342021,0.0246742982218717,0.0166476663259464,-0.0058197084219674
01_bump_parallel,heave,scrub_signed,Scrub radius (signed lateral),scrub_radius_signed_left,mm,-1.5819474873978958,-1.5866180096859597,-1.5810373248146714,0.005580684871288266,-1.5817357423768126,-1.5866180096859597
01_bump_parallel,heave,trail,Mechanical trail,mechanical_trail_left,mm,49.23094821577655,49.21556518477693,49.2409871533844,0.02542196860747481,49.21636404488292,49.24086710424208
01_bump_parallel,heave,half_track,Half track,half_track_left,mm,453.5420004560153,444.6959931092613,453.6271660817724,8.931172972511092,444.6959931092613,449.1393530154947
01_bump_parallel,heave,wheel_travel,Wheel travel,wheel_travel_left,mm,1.5197372249531327e-08,-54.99999997410225,50.00000002388418,104.99999999798644,-54.99999997410225,50.00000002388418
01_bump_parallel,heave,damper_length,Damper length,damper_length_left,mm,242.8112975096272,217.0122073990159,270.54428992866315,53.532082529647255,270.54428992866315,217.0122073990159
01_bump_parallel,heave,motion_ratio,Motion ratio (damper/wheel),motion_ratio_left,mm/mm,0.5094208278494178,0.5014639685388729,0.5222974792185161,0.02083351067964323,0.5014644946795646,0.5222974792185161
01_bump_parallel,heave,rc_height,Roll-centre height,roll_center_z,mm,12.492482079599062,-42.53411849916949,75.99249617808493,118.52661467725443,75.99249617808493,-42.53411849916949
01_bump_parallel,heave,fvic_y,FVIC lateral (y),fvic_y_left,mm,-5930.606286340538,-83588.95648075362,49231.53999038835,132820.496471142,4796.29891979853,-1606.5498128959105
01_bump_parallel,heave,fvic_z,FVIC height (z),fvic_z_left,mm,185.00002120427675,-8441.558731844905,12425.812386839993,20867.371118684896,-1344.3848231789048,-371.139016269493
01_bump_parallel,heave,fvsa,FVSA length,fvsa_length_left,mm,6386.848506554464,-49500.79068393287,84957.7067063318,134458.49739026467,-4538.409067109267,2098.250417414558
01_bump_parallel,heave,track_change,Track change,track_change,mm,2.18213051539351e-06,-17.692014098289974,0.1703329591813371,17.86234705747131,-17.692014098289974,-8.805292085986366
01_bump_parallel,heave,steering_ratio,Steering ratio (rack),steer_per_rack_abs,deg/mm,0.6832501760556021,0.635236089408355,0.7414712785643858,0.10623518915603081,0.7414712785643858,0.635236089408355
01_bump_parallel,heave,camber_gain,Camber gain,deriv_camber_wrt_hub_z_left,deg/mm,-0.0089095510543137,-0.027967619521021,0.0131192236755135,0.0410868431965345,0.0131192236755135,-0.027967619521021
02_roll,roll,camber_lr,Camber (left),camber_left,deg,8.78663529512535e-08,-0.325210195129198,0.1210069774100914,0.4462171725392894,0.1210069774100914,-0.325210195129198
02_roll,roll,camber_lr,Camber (right),camber_right,deg,9.446923178622665e-08,-0.325210736569662,0.1210078614819257,0.4462185980515877,-0.325210736569662,0.1210078614819257
02_roll,roll,caster_lr,Caster (left),caster_left,deg,10.00000841163954,9.996327648199918,10.010018763618788,0.01369111541887058,9.996327648199918,10.010018763618788
02_roll,roll,caster_lr,Caster (right),caster_right,deg,10.00000840160187,9.996327563905798,10.010018803570755,0.013691239664957777,10.010018803570755,9.996327563905798
02_roll,roll,toe_lr,Toe (left),toe_angle_left,deg,-5.831562690276248e-07,-0.0066213857513203,0.0105100343806343,0.0171314201319546,0.0105100343806343,-0.0066213857513203
02_roll,roll,toe_lr,Toe (right),toe_angle_right,deg,-3.605893155410304e-07,-0.0066192755091714,0.0105073284721789,0.0171266039813503,-0.0066192755091714,0.0105073284721789
02_roll,roll,scrub_signed,Scrub radius (signed lateral),scrub_radius_signed_left,mm,-1.581947194582807,-1.598810527846678,-1.5702827551231664,0.02852777272351159,-1.598810527846678,-1.5702827551231664
02_roll,roll,half_track,Half track,half_track_left,mm,453.5420014395672,451.3420898864943,453.6301429701043,2.2880530836100093,451.3420898864943,452.7989043474535
02_roll,roll,track_change,Track change,track_change,mm,2.997919978042773e-06,-1.561322123250534,2.997919978042773e-06,1.5613251211705121,-1.56131724151453,-1.561322123250534
02_roll,roll,motion_ratio,Motion ratio (damper/wheel),motion_ratio_left,mm/mm,0.5094208275875689,0.5040591727537695,0.5160349559642183,0.011975783210448787,0.5040591727537695,0.5160349559642183
02_roll,roll,camber_recovery,Camber recovery,camber_recovery_left,deg/deg,-0.07052466914539265,-0.13443811562970243,-0.005851516133059162,0.12858659949664325,-0.005851516133059162,-0.13443811562970243
02_roll,roll,rc_height,Roll-centre height,roll_center_z,mm,12.492482448747047,-98.14986088080131,12.492482448747047,110.64234332954837,-98.14983509337274,-98.14986088080131
02_roll,roll,rc_lateral_roll,Roll-centre lateral migration vs roll,rc_lateral_rate_roll,mm/deg,-308.4378188624115,-308.4378188624115,-274.9713263616079,33.46649250080361,-274.9713263616079,-274.9743727321306
02_roll,roll,body_roll,Body roll,roll,deg,-8.860751444572646e-10,-3.1687764303560297,3.1687764177195907,6.337552848075621,-3.1687764303560297,3.1687764177195907
02_roll,roll,steering_ratio,Steering ratio (rack),steer_per_rack_abs,deg/mm,0.6832501754915893,0.661038293331614,0.7059677673293726,0.044929473997758596,0.7059677673293726,0.661038293331614
04_steer_design,steer,camber,Camber,camber_left,deg,3.001529793214596e-07,-3.4555501324437707,6.154594593590292,9.610144726034063,6.154594593590292,-3.4555501324437707
04_steer_design,steer,caster,Caster,caster_left,deg,10.000008395011514,9.99932577065108,10.001364864653992,0.002039094002912023,10.001364864653992,9.99932577065108
04_steer_design,steer,toe,Toe (positive = toe-in),toe_angle_left,deg,-1.359709103578871e-06,-26.33230635917856,23.66194603687308,49.994252396051635,-26.33230635917856,23.66194603687308
04_steer_design,steer,scrub_signed,Scrub radius (signed lateral),scrub_radius_signed_left,mm,-1.5819474205464088,-2.1735649740159877,-1.039523861306045,1.1340411127099428,-2.1735649740159877,-1.039523861306045
04_steer_design,steer,trail,Mechanical trail,mechanical_trail_left,mm,49.23094831348842,24.987968284635212,66.71550957232034,41.72754128768513,66.71550957232034,24.987968284635212
04_steer_design,steer,half_track,Half track,half_track_left,mm,453.5420006535761,424.2481789564941,463.6023162146115,39.35413725811742,424.2481789564941,463.5645211565631
04_steer_design,steer,track_change,Track change,track_change,mm,3.08598066567356e-06,-19.27087494631178,3.08598066567356e-06,19.270878032292444,-19.27087494631178,-19.270871079801623
04_steer_design,steer,damper_length,Damper length,damper_length_left,mm,242.81129750305004,240.45473246172537,244.16041410485124,3.705681643125871,240.45473246172537,244.16041410485124
04_steer_design,steer,rc_height,Roll-centre height,roll_center_z,mm,12.492482494831808,6.413719945245586,12.492482494831808,6.078762549586222,6.413719945245586,6.413722555017281
04_steer_design,steer,rc_lateral,Roll-centre lateral position,roll_center_y,mm,-3.032716000461733e-05,-300.74831558576057,300.7482494515798,601.4965650373404,-300.74831558576057,300.7482494515798
04_steer_design,steer,fvic_y,FVIC lateral (y),fvic_y_left,mm,-5930.606284195645,-6593.908037681082,-5028.944488433475,1564.9635492476064,-5028.944488433475,-6593.908037681082
04_steer_design,steer,fvic_z,FVIC height (z),fvic_z_left,mm,185.00002037894737,44.36264936464224,289.6106949073001,245.24804554265788,44.36264936464224,289.6106949073001
04_steer_design,steer,fvsa,FVSA length,fvsa_length_left,mm,6386.848504583927,5453.368306786063,7063.423533620201,1610.055226834138,5453.368306786063,7063.423533620201
04_steer_design,steer,rack,Rack displacement,rack_displacement,mm,-4.6483194182656014e-08,-34.999999991074674,34.999999921485795,69.99999991256047,-34.999999991074674,34.999999921485795
04_steer_design,steer,ackermann,Ackermann,ackermann_percent,%,,43.706491714436275,60.93593771457453,17.229446000138253,60.93593771457453,60.935906164922606
04_steer_design,steer,steering_ratio,Steering ratio (rack),steer_per_rack_abs,deg/mm,0.6832501761521889,0.6728798082964454,0.9022292195167144,0.22934941122026897,0.9022292195167144,0.6815380803855868
05_steer_bump,steer,camber,Camber,camber_left,deg,-0.8833210128712865,-4.042616311666314,4.663720348844183,8.706336660510498,4.663720348844183,-4.042616311666314
05_steer_bump,steer,caster,Caster,caster_left,deg,10.027917693086556,10.025723794367773,10.032126861185192,0.006403066817419756,10.032126861185192,10.025723794367773
05_steer_bump,steer,toe,Toe (positive = toe-in),toe_angle_left,deg,-0.005817878186571,-24.61299214549333,21.66739553837151,46.280387683864845,-24.61299214549333,21.66739553837151
05_steer_bump,steer,scrub_signed,Scrub radius (signed lateral),scrub_radius_signed_left,mm,-1.586617689734819,-2.236659839798624,-1.054940266964087,1.1817195728345369,-2.236659839798624,-1.054940266964087
05_steer_bump,steer,trail,Mechanical trail,mechanical_trail_left,mm,49.24086443656744,25.806564830231597,68.17577053834977,42.36920570811817,68.17577053834977,25.806564830231597
05_steer_bump,steer,half_track,Half track,half_track_left,mm,449.1393549179152,420.0720844188575,459.18892729477113,39.11684287591362,420.0720844188575,459.18892729477113
05_steer_bump,steer,track_change,Track change,track_change,mm,-8.80529270738873,-27.82297295192689,-8.80529270738873,19.01768024453816,-27.82297295192689,-27.822966576786484
05_steer_bump,steer,damper_length,Damper length,damper_length_left,mm,217.0122076817958,214.7306917425493,218.2880077618116,3.557316019262288,214.7306917425493,218.2880077618116
05_steer_bump,steer,rc_height,Roll-centre height,roll_center_z,mm,-42.53411827355039,-42.53411827355039,-41.78509151008787,0.7490267634625241,-41.78509225310769,-41.78509151008787
05_steer_bump,steer,rc_lateral,Roll-centre lateral position,roll_center_y,mm,-1.195311995161319e-06,-14.16922565184467,14.169230651790542,28.338456303635212,14.169230651790542,-14.16922565184467
05_steer_bump,steer,fvic_y,FVIC lateral (y),fvic_y_left,mm,-1606.5498251188988,-1699.3815547838296,-1451.1457151279535,248.23583965587613,-1451.1457151279535,-1699.3815547838296
05_steer_bump,steer,fvic_z,FVIC height (z),fvic_z_left,mm,-371.1390131883973,-373.36419428442224,-368.1961350575984,5.168059226823857,-373.36419428442224,-368.1961350575984
05_steer_bump,steer,fvsa,FVSA length,fvsa_length_left,mm,2098.2504306371206,1918.5275863093716,2198.688505325121,280.1609190157492,1918.5275863093716,2198.688505325121
05_steer_bump,steer,rack,Rack displacement,rack_displacement,mm,2.373524239374092e-07,-34.99999991167175,34.99999979001947,69.99999970169122,-34.99999991167175,34.99999979001947
05_steer_bump,steer,ackermann,Ackermann,ackermann_percent,%,-1050.4055326236728,-1050.4055326236728,408.3087119472789,1458.7142445709517,80.29855370794897,80.29848805409381
05_steer_bump,steer,steering_ratio,Steering ratio (rack),steer_per_rack_abs,deg/mm,0.635236087087264,0.6126348218447689,0.8402354843135623,0.2276006624687934,0.8402354843135623,0.6126348218447689
06_steer_droop,steer,camber,Camber,camber_left,deg,-0.0482621647396005,-3.85928786278164,6.930897791663433,10.790185654445073,6.930897791663433,-3.85928786278164
06_steer_droop,steer,caster,Caster,caster_left,deg,10.001378447400196,9.99959983850913,10.00257778958996,0.002977951080829655,9.99959983850913,10.00257778958996
06_steer_droop,steer,toe,Toe (positive = toe-in),toe_angle_left,deg,0.0166467301669409,-28.52298947496299,26.08209307283338,54.60508254779637,-28.52298947496299,26.08209307283338
06_steer_droop,steer,scrub_signed,Scrub radius (signed lateral),scrub_radius_signed_left,mm,-1.581736022343703,-2.1990151183360367,-0.9964315132561632,1.2025836050798735,-2.1990151183360367,-0.9964315132561632
06_steer_droop,steer,trail,Mechanical trail,mechanical_trail_left,mm,49.21636495254953,21.97266485363677,67.3865643797869,45.41389952615013,67.3865643797869,21.97266485363677
06_steer_droop,steer,half_track,Half track,half_track_left,mm,444.69599211859486,414.18576392718927,453.9974339654494,39.811670038260104,414.18576392718927,453.5860299632242
06_steer_droop,steer,track_change,Track change,track_change,mm,-17.69201423361835,-39.31154931335448,-17.69201423361835,21.61953507973613,-39.31154931335448,-39.31153772647633
06_steer_droop,steer,damper_length,Damper length,damper_length_left,mm,270.5442898443646,268.0111483168851,271.9529867635809,3.941838446695783,268.0111483168851,271.9529867635809
06_steer_droop,steer,rc_height,Roll-centre height,roll_center_z,mm,75.99249606874446,70.64511185105603,75.99249606874446,5.347384217688429,70.64511185105603,70.64511581214025
06_steer_droop,steer,rc_lateral,Roll-centre lateral position,roll_center_y,mm,-1.9292947968097e-06,-50.06874881860904,50.06873447722768,100.13748329583672,-50.06874881860904,50.06873447722768
06_steer_droop,steer,fvic_y,FVIC lateral (y),fvic_y_left,mm,4796.298934611392,4266.496332929835,6057.499202839267,1791.0028699094319,6057.499202839267,4266.496332929835
06_steer_droop,steer,fvic_z,FVIC height (z),fvic_z_left,mm,-1344.3848228785994,-1570.733053599751,-1244.217813204512,326.51524039523906,-1570.733053599751,-1244.217813204512
06_steer_droop,steer,fvsa,FVSA length,fvsa_length_left,mm,-4538.409082169392,-5843.551902126696,-3994.004855067812,1849.5470470588843,-5843.551902126696,-3994.004855067812
06_steer_droop,steer,rack,Rack displacement,rack_displacement,mm,0.0,-35.00000001071649,34.999999416538884,69.99999942725537,-35.00000001071649,34.999999416538884
06_steer_droop,steer,ackermann,Ackermann,ackermann_percent,%,95.76543821361321,-658.7092099148604,95.76543821361321,754.4746481284735,45.85372608297648,45.85361638630658
06_steer_droop,steer,steering_ratio,Steering ratio (rack),steer_per_rack_abs,deg/mm,0.7414712781577389,0.7373512597752458,0.9974788671307194,0.2601276073554736,0.9974788671307194,0.7621918301894941
08_damper_stroke,damper_stroke,damper_length,Damper length,damper_length_left,mm,242.8112989690939,212.8112989624174,272.8112988381067,59.999999875689326,212.8112989624174,272.8112988381067
08_damper_stroke,damper_stroke,wheel_travel_lr,Wheel travel (left),wheel_travel_left,mm,-3.958919080560008e-06,-59.520018350374585,58.03074045360427,117.55075880397885,58.03074045360427,-59.520018350374585
08_damper_stroke,damper_stroke,wheel_travel_lr,Wheel travel (right),wheel_travel_right,mm,-3.8564863302781305e-06,-59.520018233364254,58.0307405640383,117.55075879740255,58.0307405640383,-59.520018233364254
08_damper_stroke,damper_stroke,motion_ratio,Motion ratio (damper/wheel),motion_ratio_left,mm/mm,0.5094219800587609,0.5014425605372566,0.5236958827548271,0.022253322217570592,0.5236958827548271,0.5016096146003647
09_steer_in_roll,steer_in_roll,camber_lr,Camber (left),camber_left,deg,0.1210081611294477,-3.473584786230675,6.576312357915734,10.04989714414641,6.576312357915734,-3.473584786230675
09_steer_in_roll,steer_in_roll,camber_lr,Camber (right),camber_right,deg,-0.3252108132036695,-3.643915365541098,5.548357011750871,9.19227237729197,-3.643915365541098,5.548357011750871
09_steer_in_roll,steer_in_roll,caster_lr,Caster (left),caster_left,deg,9.996327548965334,9.996308541901302,9.99654457356962,0.0002360316683187591,9.99654457356962,9.996312562429283
09_steer_in_roll,steer_in_roll,caster_lr,Caster (right),caster_right,deg,10.010018806024362,10.008676201575446,10.012574737292203,0.0038985357167575785,10.008676201575446,10.012574737292203
09_steer_in_roll,steer_in_roll,toe_lr,Toe (left),toe_angle_left,deg,0.0105060389613366,-27.151506072411827,24.6203731928804,51.77187926529223,-27.151506072411827,24.6203731928804
09_steer_in_roll,steer_in_roll,toe_lr,Toe (right),toe_angle_right,deg,-0.0066188824274222,-25.546063664875728,22.72811685146778,48.274180516343506,22.72811685146778,-25.546063664875728
09_steer_in_roll,steer_in_roll,scrub_signed,Scrub radius (signed lateral),scrub_radius_signed_left,mm,-1.5988119488989878,-2.5040044958520085,-0.9522196129835194,1.551784882868489,-2.5040044958520085,-0.9522196129835194
09_steer_in_roll,steer_in_roll,trail,Mechanical trail,mechanical_trail_left,mm,49.2338033198436,17.49758201025786,74.33004345067376,56.8324614404159,74.33004345067376,17.49758201025786
09_steer_in_roll,steer_in_roll,half_track,Half track,half_track_left,mm,451.3420860883261,418.5091670235734,459.2974415571714,40.788274533597985,418.5091670235734,458.3106302615365
09_steer_in_roll,steer_in_roll,track_change,Track change,track_change,mm,-1.561320694232677,-21.95416808262098,-1.561320694232677,20.392847388388304,-21.95416808262098,-20.763782214731805
09_steer_in_roll,steer_in_roll,damper_length,Damper length,damper_length_left,mm,255.4757414792114,253.07063942687344,256.84931322703494,3.7786738001614992,253.07063942687344,256.84931322703494
09_steer_in_roll,steer_in_roll,rc_height,Roll-centre height,roll_center_z,mm,-98.1498431332347,-164.7106406585274,-72.06025005673852,92.65039060178889,-72.06025005673852,-164.7106406585274
09_steer_in_roll,steer_in_roll,rc_lateral,Roll-centre lateral position,roll_center_y,mm,940.3396605717536,800.2576507791472,1322.7581861451436,522.5005353659964,800.2576507791472,1322.7581861451436
09_steer_in_roll,steer_in_roll,body_roll,Body roll,roll,deg,-3.1687764130287994,-3.202642870444487,-3.168644891800967,0.03399797864352028,-3.1946055873821666,-3.202642870444487
09_steer_in_roll,steer_in_roll,rack,Rack displacement,rack_displacement,mm,-1.6951170778156668e-07,-34.99999990333376,34.99999989544128,69.99999979877504,-34.99999990333376,34.99999989544128
09_steer_in_roll,steer_in_roll,ackermann,Ackermann,ackermann_percent,%,-498247.2562750646,-498247.2562750646,1292.3580514266057,499539.6143264912,109.46891258619857,19.506845228892892
09_steer_in_roll,steer_in_roll,steering_ratio,Steering ratio (rack),steer_per_rack_abs,deg/mm,0.7059677691172672,0.6987156011498695,0.9348757352680026,0.23616013411813308,0.9348757352680026,0.7140589493418213
10_corner_ramp,roll_ramp_at_steer,camber_lr,Camber (left),camber_left,deg,4.908663841415728e-08,-3.47358484870761,4.908663841415728e-08,3.4735848977942485,4.908663841415728e-08,-3.47358484870761
10_corner_ramp,roll_ramp_at_steer,camber_lr,Camber (right),camber_right,deg,1.8315466557583272e-08,1.8315466557583272e-08,5.548359473678357,5.54835945536289,1.8315466557583272e-08,5.548359473678357
10_corner_ramp,roll_ramp_at_steer,caster_lr,Caster (left),caster_left,deg,10.000008382395428,9.996308549063896,10.000008382395428,0.003699833331532787,10.000008382395428,9.996312564570667
10_corner_ramp,roll_ramp_at_steer,caster_lr,Caster (right),caster_right,deg,10.000008379753965,10.000008379753965,10.012574633371583,0.012566253617618983,10.000008379753965,10.012574633371583
10_corner_ramp,roll_ramp_at_steer,toe_lr,Toe (left),toe_angle_left,deg,-5.041088313992951e-07,-5.041088313992951e-07,24.620373588850978,24.62037409295981,-5.041088313992951e-07,24.620373588850978
10_corner_ramp,roll_ramp_at_steer,toe_lr,Toe (right),toe_angle_right,deg,-1.9396280533647434e-07,-25.546070145706096,-1.9396280533647434e-07,25.54606995174329,-1.9396280533647434e-07,-25.546070145706096
10_corner_ramp,roll_ramp_at_steer,scrub_signed,Scrub radius (signed lateral),scrub_radius_signed_left,mm,-1.5819471749652174,-1.5819471749652174,-0.9522195746715972,0.6297276002936202,-1.5819471749652174,-0.9522195746715972
10_corner_ramp,roll_ramp_at_steer,half_track,Half track,half_track_left,mm,453.54200161986574,453.54200161986574,460.72739075898295,7.185389139117206,453.54200161986574,458.3106300094678
10_corner_ramp,roll_ramp_at_steer,track_change,Track change,track_change,mm,3.4313825381104834e-06,-20.76379217840849,3.4313825381104834e-06,20.76379560979103,3.4313825381104834e-06,-20.76379217840849
10_corner_ramp,roll_ramp_at_steer,motion_ratio,Motion ratio (damper/wheel),motion_ratio_left,mm/mm,0.5094208273530741,0.5050508063821807,0.5094208273530741,0.004370020970893451,0.5094208273530741,0.5050508063821807
10_corner_ramp,roll_ramp_at_steer,camber_recovery,Camber recovery,camber_recovery_left,deg/deg,1.2507250122663962,0.9730425499313271,1.2507250122663962,0.2776824623350691,1.2507250122663962,0.9730425499313271
10_corner_ramp,roll_ramp_at_steer,rc_height,Roll-centre height,roll_center_z,mm,12.492482080743354,-164.71071759449308,12.492482080743354,177.20319967523642,12.492482080743354,-164.71071759449308
10_corner_ramp,roll_ramp_at_steer,rc_lateral,Roll-centre lateral position,roll_center_y,mm,-4.439768304109748e-07,-4.439768304109748e-07,1322.758660950779,1322.7586613947558,-4.439768304109748e-07,1322.758660950779
10_corner_ramp,roll_ramp_at_steer,rc_lateral_roll,Roll-centre lateral migration vs roll,rc_lateral_rate_roll,mm/deg,-393.21434551296045,-477.6487020125887,-393.21434551296045,84.43435649962828,-393.21434551296045,-477.6487020125887
10_corner_ramp,roll_ramp_at_steer,body_roll,Body roll,roll,deg,4.126924347225407e-11,-3.202642892502347,4.126924347225407e-11,3.2026428925436163,4.126924347225407e-11,-3.202642892502347
10_corner_ramp,roll_ramp_at_steer,rack,Rack displacement,rack_displacement,mm,4.822416599381541e-08,4.822416599381541e-08,35.00000023274899,35.00000018452482,4.822416599381541e-08,35.00000023274899
10_corner_ramp,roll_ramp_at_steer,ackermann,Ackermann,ackermann_percent,%,,6.100289650953989,19.506972826052113,13.406683175098124,,19.506972826052113
10_corner_ramp,roll_ramp_at_steer,steering_ratio,Steering ratio (rack),steer_per_rack_abs,deg/mm,0.6832501765717383,0.6804864810120661,0.7140589501974093,0.03357246918534318,0.6832501765717383,0.7140589501974093
