fvsa_length,bump_scrub,ackermann_error,joint_force,lower_wishbone_inboard_front.y,lower_wishbone_inboard_rear.y,lower_wishbone_inboard_front.z,lower_wishbone_inboard_rear.z,upper_wishbone_inboard_front.y,upper_wishbone_inboard_rear.y,upper_wishbone_inboard_front.z,upper_wishbone_inboard_rear.z,lower_wishbone_outboard.x,lower_wishbone_outboard.y,lower_wishbone_outboard.z,upper_wishbone_outboard.x,upper_wishbone_outboard.y,upper_wishbone_outboard.z,axle_outboard.x,axle_outboard.y,axle_outboard.z,axle_inboard.x,axle_inboard.y,axle_inboard.z,trackrod_inboard.x,trackrod_inboard.y,trackrod_inboard.z,lower_wishbone_inboard_front.x,lower_wishbone_inboard_rear.x,upper_wishbone_inboard_front.x,upper_wishbone_inboard_rear.x,strut_bottom.x,strut_bottom.y,strut_bottom.z,strut_top.x,strut_top.y,strut_top.z,trackrod_outboard.x,trackrod_outboard.z,trackrod_outboard.y,template,axle,optimizer_script
231649771.3956414,0.16665739622401146,53.1565280035784,3476.339808445328,206.91008077218734,206.91008077218734,138.38119114726302,138.38119114726302,331.11273951372385,331.11273951372385,520.8811053968598,520.8811053968598,17.41589516886011,475.52581517062004,136.65891639151417,-29.70108576795537,406.80252298808875,520.3959317812144,0.0,523.737,278.5,0.0,423.73699999999997,278.5,-119.1014641048169,309.4751610321367,407.97000163799794,89.60621933698765,-227.04502850456234,183.17135392037298,-243.59689375092307,-5.260024625141302,399.5196271428245,187.12538271220376,-5.260024625141302,340.38822841415754,425.11008331067296,-127.25915362552374,407.409685658266,401.49766162366365,models/aurora,front,underlegoptimizer.py
264945714.26179767,0.05461416703642801,178.83996457235406,3559.333242148563,103.66436697049795,103.66436697049795,138.3482646788875,138.3482646788875,306.9392394729264,306.9392394729264,520.7999499824357,520.7999499824357,17.418607584488726,476.38928700259595,136.6368255389781,-29.692556966739893,410.0880827256861,520.3264702695002,0.0,523.737,278.5,0.0,423.73699999999997,278.5,-163.06881921199167,261.2373730525831,402.90341436413723,90.35346861580628,-226.78025439404374,187.19005730130755,-129.52691162292084,-6.459548192804139,370.9513463737332,187.11918020166834,-6.459548192804139,330.27995733753625,460.5847565123325,-129.98099640332146,402.85856852456914,391.6705710263752,models/aurora,front,underlegoptimizer.py
27107.584965115006,0.09172747926832739,224.56932603488366,3492.9504112414884,191.94662557167533,191.94662557167533,137.42347561438353,137.42347561438353,336.5102825053351,336.5102825053351,519.7755192618803,519.7755192618803,17.40895619833168,478.2088036646583,136.7154297713512,-29.740845968170767,417.0020064001769,520.7197526258142,0.0,523.737,278.5,0.0,423.73699999999997,278.5,-143.8023600269864,292.3351033650375,401.67659021578453,90.4709264422823,-223.66514917334604,162.23126580958788,-211.5715112035896,-2.239958628442487,397.2198922976097,186.82328001944228,-2.239958628442487,343.03650351860335,461.80107046289544,-127.23179855392362,403.373173361855,392.42879234981746,models/aurora,front,underlegoptimizer.py
6098.671444559856,0.08937158973147419,1.4219486571692528,3481.4809086850637,200.94614322017298,200.94614322017298,136.9244774553705,136.9244774553705,330.74836522432554,330.74836522432554,524.3867380698755,524.3867380698755,16.769694296247362,475.3630034876539,141.92180016013188,-30.97840674173838,407.8556638289979,530.798876291421,0.0,523.737,278.5,0.0,423.73699999999997,278.5,-134.34788386808492,308.1407196348173,413.1991968735712,89.36411790306875,-225.81242665745052,120.65398896757823,-221.71198198746424,7.094285640836588,397.74609536857974,190.44234882236682,7.094285640836588,338.76186688544664,468.13424710908384,-127.71148006710607,419.9617427403331,401.5058027337205,models/aurora,front,underlegoptimizer.py
354737566.6532623,0.22632210679791817,40.75038085473314,3476.207680186332,206.709870190593,206.709870190593,136.91296618276007,136.91296618276007,332.35020607939055,332.35020607939055,520.3575514535169,520.3575514535169,17.433859224563708,475.47352564998056,136.51261089861265,-29.68281531747835,406.5300426988126,520.2471309031343,0.0,523.737,278.5,0.0,423.73699999999997,278.5,-132.97890020510917,319.83154075212997,408.125457710961,90.45226360259569,-226.38070824720063,189.80124090788826,-225.466480266946,-9.797777080473328,399.4395515776777,186.6124151937813,-9.797777080473328,345.9477396764335,460.8814959868512,-128.18728020047183,407.6318302391799,409.3928535715448,models/aurora,front,underlegoptimizer.py
225445745.21475238,0.038351509443414054,30.32380483733671,3619.6033838720496,52.60544444768058,52.60544444768058,138.2358910234314,138.2358910234314,292.1692406816123,292.1692406816123,479.4916156721491,479.4916156721491,17.39972849352756,476.1161566792574,136.79058339601104,-24.62665380653212,416.35400064086366,479.0679999621968,0.0,523.737,278.5,0.0,423.73699999999997,278.5,-147.1673140712098,271.70860000004245,452.93004181325773,90.31148604088905,-225.18502897657658,190.98610559612393,-169.15407878635907,-5.315107777754239,356.29684314621693,187.15647703096639,-5.315107777754239,330.41163104108904,464.2900381481483,-133.61249886997464,452.81235368905453,402.79280851821153,models/aurora,front,underlegoptimizer.py
234394779.8884965,0.03382020841642333,0.22035879348273113,3847.462639217526,52.60544444768058,52.60544444768058,138.2358910234314,138.2358910234314,292.17001913469824,292.17001913469824,479.4916156721491,479.4916156721491,17.399729270828725,476.1161566792574,136.7905770654011,-24.626653029230955,416.3539978750964,479.06799363158683,0.0,523.737,278.5,0.0,423.73699999999997,278.5,-150.43594551468743,265.25459943945134,452.70181670565347,89.8343911261794,-225.17044844847706,39.25528269086668,-199.286001930262,1.1262683146547623,337.56265732742264,187.24957581888447,1.1262683146547623,330.71691734047687,485.31383224909945,-134.18474772654704,452.73110834692653,396.47603336819185,models/aurora,front,underlegoptimizer.py
382261126.23048586,0.09934627905447431,2.3933983018235097,3515.3645645178503,171.41968603744812,171.41968603744812,138.2733488815889,138.2733488815889,326.13770720779473,326.13770720779473,520.8079724103079,520.8079724103079,17.413542508811094,476.33968403811946,136.67807726998063,-29.69786875940623,409.91889477345285,520.3697313491284,0.0,523.737,278.5,0.0,423.73699999999997,278.5,-142.60571270479355,305.4901354237994,455.818321601018,90.50982707578825,-225.6701800680354,190.94295304750509,-223.961689589083,-5.152121917667685,390.0477875608103,187.08491790284057,-5.152121917667685,337.089676513127,457.84673608943484,-131.05752621612356,455.6511302092275,399.3218151637481,models/aurora,front,underlegoptimizer.py
41732116.1899629,0.24116476779534635,49.92752106877835,3469.4529715162016,207.160247970204,207.160247970204,136.9783090841881,136.9783090841881,332.6769029828329,332.6769029828329,526.4220469616464,526.4220469616464,17.42038623521402,475.4654916544941,136.6223395912969,-30.429222732883826,405.4828595114616,526.3261314706057,0.0,523.737,278.5,0.0,423.73699999999997,278.5,-121.54242410654797,313.69830539056545,405.1002260199829,90.35778179754985,-226.88629606505592,173.1590871932632,-247.7316905280722,-0.7117243792057266,399.57103594065046,186.7088481972163,-0.7117243792057266,330.27455278248897,466.117601705109,-127.29992502409748,404.7960775255579,402.9421775890966,models/aurora,front,underlegoptimizer.py
10448.726021956274,0.03716974231254217,0.7245790523647173,3558.8047825548683,103.03186732658074,103.03186732658074,136.9704080943412,136.9704080943412,306.9853600213094,306.9853600213094,520.781892544817,520.781892544817,16.89127809054665,475.60427245503524,140.93157961933088,-30.347806755395993,409.0059685658146,525.6630515451726,0.0,523.737,278.5,0.0,423.73699999999997,278.5,-134.12144118904624,271.7643716302387,407.09404609539433,90.58196409642146,-223.86728911421994,186.77326862519894,-194.53438085019334,-5.426543923454723,370.2204621857105,189.7885886364895,-5.426543923454723,330.17686737725296,461.32890794659994,-127.36781921772676,412.3212508851443,398.8164771797606,models/aurora,front,underlegoptimizer.py
15034.643820622048,0.024999165159446658,0.42724187928806145,4091.8917541104315,50.073238513591726,50.073238513591726,136.91688874439978,136.91688874439978,298.6152544050759,298.6152544050759,522.248138382773,522.248138382773,17.011855591053976,477.11409873852523,139.94955468377992,-30.395369604225827,413.9751605873413,526.0504198631442,0.0,523.737,278.5,0.0,423.73699999999997,278.5,-160.45301223364697,285.0551630173338,510.23930331118044,89.23442823773159,-222.84954426190998,197.9876289529128,-228.37332892971432,4.74780236424813,319.9557694806145,187.49106101545738,4.74780236424813,331.11993161529,461.72228575297737,-133.91536916471793,514.2983355713808,402.7053129071584,models/aurora,front,underlegoptimizer.py
20857.04229576719,0.08819549756394143,123.01810340695863,3490.407306639256,192.61192536903877,192.61192536903877,137.04717019842897,137.04717019842897,336.59430248270417,336.59430248270417,519.293995367849,519.293995367849,17.408310958350757,478.19755157188496,136.72068482928503,-29.736876570789743,416.96749666274735,520.6874244784328,0.0,523.737,278.5,0.0,423.73699999999997,278.5,-138.8763612247929,296.31400785067143,408.9786037532691,90.19830733132918,-226.6870828177647,188.48913504864964,-246.50975005050543,-6.013056530671818,397.4116410876519,186.7417609054057,-6.013056530671818,338.22684779140656,460.6171474267972,-127.40538122713576,411.0664915236812,394.48610151724455,models/aurora,front,underlegoptimizer.py
320640.1105000744,0.02798818049464449,0.9851463636532429,3682.9835708126316,52.79403095892374,52.79403095892374,137.8361117289411,137.8361117289411,299.41449401607696,299.41449401607696,520.2529871798055,520.2529871798055,17.410112175534948,477.5056510787066,136.70601509254496,-29.662841196619176,414.42248400250844,520.084454743263,0.0,523.737,278.5,0.0,423.73699999999997,278.5,-133.20574021431423,276.121489418803,541.6117624814178,90.43346384477027,-224.15460306112305,170.97875768808464,-191.9281446816064,-5.959267867265531,351.8352519270149,187.03910325359726,-5.959267867265531,340.7509218888569,424.89535707949676,-127.25842453398624,542.0862143014127,387.30062583496067,models/aurora,front,underlegoptimizer.py
354405525.5760378,0.08738340550263617,70.58256469581636,3590.3308812643413,104.05574481884162,104.05574481884162,138.2690287697367,138.2690287697367,306.90292933507124,306.90292933507124,516.4862736924244,516.4862736924244,17.42139558379298,475.4710878362316,136.6141191068033,-29.16610196024169,407.3458042188485,516.0388383178372,0.0,523.737,278.5,0.0,423.73699999999997,278.5,-132.1685019780181,302.672073103066,529.0366895809068,89.49344967900844,-226.5835221556706,152.13985013671456,-223.0065325420006,-20.008989847115735,370.1715476084895,186.72699389344595,-20.008989847115735,330.70506003048223,457.2641140420849,-124.5283036782591,528.7755983523246,401.1338011790815,models/aurora,front,underlegoptimizer.py
363789131.1137602,0.09115041045786111,0.485087767752745,3593.2124253802876,104.05574481884162,104.05574481884162,138.2690287697367,138.2690287697367,306.90292933507124,306.90292933507124,516.4862736924244,516.4862736924244,17.42139558379298,475.47091596418556,136.6141191068033,-29.16610196024169,407.34515499861004,516.0388383178372,0.0,523.737,278.5,0.0,423.73699999999997,278.5,-160.3848226996387,306.5201386760079,529.1423631212635,89.49344967900844,-225.98868003413048,96.16303647271046,-181.92427155004697,-19.900093530131777,370.17142446369115,186.72699389344595,-19.900093530131777,330.48456368391226,457.15621619499694,-124.61806896204133,528.7755983523246,404.90350248346414,models/aurora,front,underlegoptimizer.py
60483.62078131241,0.027952866680339875,276.7429647333837,3595.774008745212,50.93891846721921,50.93891846721921,136.9293341619068,136.9293341619068,299.1715331983388,299.1715331983388,519.3418601710672,519.3418601710672,17.437951854163366,477.53081493164325,136.47927910535165,-29.64654779587623,414.3980514789793,519.9517556431226,0.0,523.737,278.5,0.0,423.73699999999997,278.5,-160.55919371597193,243.225564046465,411.11720184633623,90.40177893231034,-221.8020859965098,195.09873402219702,-133.78071740669097,-0.6218066197281864,356.78066536161015,186.53450384998558,-0.6218066197281864,320.61370857550907,454.24810173219277,-128.13322348025287,412.36026061992675,386.44540061651486,models/aurora,front,underlegoptimizer.py
45529.10440189288,0.02804290383211629,151.6328849316365,3595.7478730835646,50.59464819845707,50.59464819845707,136.9776156980545,136.9776156980545,299.417166865501,299.417166865501,519.3764866358816,519.3764866358816,17.38922448955196,477.67301973632624,136.87613164326916,-29.692410987232453,415.125506922323,520.3252813618202,0.0,523.737,278.5,0.0,423.73699999999997,278.5,-158.5855824787326,246.8862588978298,410.7304732001836,90.42808582386354,-221.95633303301977,189.81198337869333,-128.6311155910144,-12.378987440116788,356.8553625509932,186.89159315248784,-12.378987440116788,329.6338999842134,452.93892008719484,-130.02788905371676,412.23069346488666,390.7343363463751,models/aurora,front,underlegoptimizer.py
327957.78982436785,0.23909643214872398,1.918185206528122,3470.900263822081,207.24919082084648,207.24919082084648,136.8789548791447,136.8789548791447,332.4325939450961,332.4325939450961,526.3050157403183,526.3050157403183,17.420319887444055,476.0916148915259,136.62287995052023,-30.428815601749662,407.895891430629,526.3228156536074,0.0,523.737,278.5,0.0,423.73699999999997,278.5,-134.2166921602855,309.48275944511397,404.7601473696019,90.41566160176488,-226.945340174429,173.23452863552762,-247.56135470663284,-11.093201978393076,400.04513157911634,186.6538070457185,-11.093201978393076,329.51292673301975,459.1245219879534,-128.37291807392916,404.8195052779284,402.5753861964117,models/aurora,front,underlegoptimizer.py
276888830.6277306,0.2405632181153192,30.7142865186334,3488.461908199746,205.2901198791645,205.2901198791645,137.27765489099042,137.27765489099042,329.5374855879846,329.5374855879846,520.613244833974,520.613244833974,17.389766731050866,475.9219243215469,136.87171544065447,-29.713250749888875,408.4360260766565,520.4950076083709,0.0,523.737,278.5,0.0,423.73699999999997,278.5,-159.56942207597356,321.54113831768046,447.63281575745884,90.36253302168207,-220.13513626906106,175.94905555047845,-220.74276586152683,-7.184864145601374,399.3441950883853,186.9595845130456,-7.184864145601374,331.98956147078593,443.83896189139733,-130.3296709257214,447.34652728622876,410.31131731051636,models/aurora,front,underlegoptimizer.py
39891.658619820875,0.04024508010077721,63.503557399409004,3567.874716061815,94.47494947775301,94.47494947775301,136.94010389484254,136.94010389484254,306.7215773478273,306.7215773478273,515.3884576515964,515.3884576515964,17.399772987057876,476.3852708150695,136.79022102528637,-29.20315238945761,410.86173335292875,516.3405898486768,0.0,523.737,278.5,0.0,423.73699999999997,278.5,-135.79759065393213,261.5351174945505,419.65179101224027,90.60967116806559,-223.89846858802653,158.09917324309012,-244.2515700740009,-17.4086014394071,368.3523621907956,186.74177953411134,-17.4086014394071,329.31404345492945,463.6063117985296,-127.61182735890209,421.215690161231,387.14227195002775,models/aurora,front,underlegoptimizer.py
538859.672676431,0.5863864210458253,0.007943552597865278,3480.3916196966557,205.78773883545327,205.78773883545327,137.41621877964627,137.41621877964627,314.8769100600145,314.8769100600145,520.7131130362917,520.7131130362917,17.429493371633775,476.20117675967504,136.54816791732762,-29.711075066643986,409.28661168588945,520.477288090307,0.0,523.737,278.5,0.0,423.73699999999997,278.5,-136.9298315667573,286.68918233047634,416.8009436412685,88.96515095356406,-226.32193743173505,186.35094852571416,-144.0734421738391,-10.732394082330952,399.63568391507584,186.70669853949886,-10.732394082330952,330.0010354597413,467.5280615471661,-129.14655826237058,416.8487059785023,399.4118625714521,models/aurora,front,underlegoptimizer.py
230380923.12747133,0.038317860571886506,1.6304034437153234,3623.945068392428,52.60544444768058,52.60544444768058,138.2358910234314,138.2358910234314,292.1692406816123,292.1692406816123,479.4916156721491,479.4916156721491,17.39972849352756,476.11578866204474,136.79058339601104,-24.62665380653212,416.3527117709309,479.0679999621968,0.0,523.737,278.5,0.0,423.73699999999997,278.5,-161.79953023080606,273.98127123544964,461.5322822452704,89.84212076023353,-225.06120702308317,190.98610559612393,-169.19606642613482,-5.36640805154201,356.29657924814114,187.17362732312918,-5.36640805154201,330.67056879525813,487.3180718872327,-134.18474772654704,461.41736557095203,402.79280851821153,models/aurora,front,underlegoptimizer.py
6692.65104568415,0.0885476708307929,62.2066311866132,3479.1782994784535,200.91408627806217,200.91408627806217,137.02471812124242,137.02471812124242,330.7545607994854,330.7545607994854,523.9600746378093,523.9600746378093,16.825143434067982,475.33511269059886,141.47020317258824,-30.848564467357065,407.6412450240205,529.7413958278635,0.0,523.737,278.5,0.0,423.73699999999997,278.5,-123.12635233782981,313.87635557586975,401.935703857244,82.84465134339324,-226.60607470766686,190.4664692676078,-239.50560799404724,-2.073617891539385,397.70434233810164,190.19945800205758,-2.073617891539385,336.0748100566553,452.29177804438774,-128.05337952226265,407.7747607348026,409.4155754412384,models/aurora,front,underlegoptimizer.py
164175118.54079327,0.026774094607649006,43.40494989795516,3647.5287647725254,52.61998893585376,52.61998893585376,138.23695793368378,138.23695793368378,292.16945853111895,292.16945853111895,479.4926825824016,479.4926825824016,17.39967872866699,476.16554586452577,136.79098869827547,-24.626701452688913,416.5271511638681,479.0683880090037,0.0,523.737,278.5,0.0,423.73699999999997,278.5,-159.1380679951331,279.561089398112,537.3329372340359,89.80706352409062,-225.17555035102873,165.31924985103055,-244.1418575708485,3.3771300816145313,356.1568529047917,187.18316537808712,3.3771300816145313,330.7069056003503,458.021900703844,-127.55698594473401,537.5080442738199,391.951502541616,models/aurora,front,underlegoptimizer.py
259009949.4435427,0.12297674046758936,20.368088479362655,3491.2184206469074,194.288880963654,194.288880963654,138.2737771544815,138.2737771544815,331.5027884520971,331.5027884520971,520.7608780875136,520.7608780875136,17.47677476225226,476.83376253211424,136.16309189253428,-29.672532464827643,411.50150673383115,520.1633837888792,0.0,523.737,278.5,0.0,423.73699999999997,278.5,-134.56936012274295,302.18135778956093,417.8666242760188,88.67166497958691,-227.10056568616253,164.32854003119857,-219.76390731579562,-11.234761137608093,396.9075957620893,186.6549251841751,-11.234761137608093,339.3908005493767,473.0992298934005,-128.36550828379632,417.5537764240897,398.3151344582498,models/aurora,front,underlegoptimizer.py
337227952.2540226,0.08688050549757652,36.858735869041126,3530.3286243442644,145.8350621494437,145.8350621494437,138.03074085042093,138.03074085042093,316.0806500273146,316.0806500273146,520.5213322197434,520.5213322197434,17.40411751756294,475.3563512787548,136.75483766378622,-29.673620750525526,406.26333698570085,520.1722471646153,0.0,523.737,278.5,0.0,423.73699999999997,278.5,-131.7550904041845,293.96385494984054,425.2704976030517,90.594961015609,-225.58232152005846,177.60930085412542,-180.6479009954879,-3.4597800959207703,382.1533111057387,186.4079803980497,-3.4597800959207703,333.66820646032363,460.2373113804654,-129.04921537156795,425.0019119119183,401.57075625613805,models/aurora,front,underlegoptimizer.py
356441891.2652819,0.47427816820762236,38.72760153230905,3500.298815562262,205.8469092337211,205.8469092337211,136.92716257571084,136.92716257571084,316.2490190749032,316.2490190749032,519.2412620035543,519.2412620035543,17.411910427587813,475.1981955295686,136.69136950486163,-29.54969613400319,405.8010880837463,519.1629621567035,0.0,523.737,278.5,0.0,423.73699999999997,278.5,-161.12994956906945,307.55972213069776,445.9097274727668,89.52662361886024,-217.6354736684807,161.82894117092917,-158.54377919527303,-9.586630242774284,398.87702967443,185.7648341402716,-9.586630242774284,329.12505332532896,436.1306105030724,-125.71629470560737,445.7678264819946,408.5133324471589,models/aurora,front,underlegoptimizer.py
295481816.12391704,0.46987511683566036,34.19428649847356,3485.042893643259,205.4258538741703,205.4258538741703,136.92761842719403,136.92761842719403,315.940430245076,315.940430245076,519.2409025431824,519.2409025431824,17.411600777858542,475.11658961973717,136.69389139952813,-29.54975074772466,405.49280602606984,519.1634069497709,0.0,523.737,278.5,0.0,423.73699999999997,278.5,-160.81982197103284,300.4254014069471,442.94563119855115,88.9127117888279,-227.06489725970587,158.4476900052341,-181.66650842684598,-0.7270556642409822,398.83280629861713,186.66157115279753,-0.7270556642409822,341.59023099040144,480.6959919457817,-132.87910413921128,442.9916147109305,402.05612632898794,models/aurora,front,underlegoptimizer.py
248360.41914331305,0.9876710778071384,0.6084545159046968,3475.2160500332666,207.1602041265312,207.1602041265312,138.2246188450108,138.2246188450108,299.35453750651374,299.35453750651374,525.8574990952791,525.8574990952791,17.460297865718452,477.869800355018,136.2972854459635,-30.29299550196436,414.72207772224124,525.2166497090739,0.0,523.737,278.5,0.0,423.73699999999997,278.5,-132.76035664749887,263.7493357768707,409.4419726657217,90.64452259988576,-226.384699962514,186.3649565958563,-242.76224600563907,-5.146638192192874,401.27005598636356,186.80653794104467,-5.146638192192874,341.21386166977425,448.8433045143987,-127.34016096130905,408.9736448486059,401.90551955515633,models/aurora,front,underlegoptimizer.py
