fvsa_length,bump_steer,bump_scrub,joint_force,lower_wishbone_inboard_front.y,lower_wishbone_inboard_rear.y,lower_wishbone_inboard_front.z,lower_wishbone_inboard_rear.z,upper_wishbone_inboard_front.y,upper_wishbone_inboard_rear.y,upper_wishbone_inboard_front.z,upper_wishbone_inboard_rear.z,lower_wishbone_outboard.x,lower_wishbone_outboard.y,lower_wishbone_outboard.z,upper_wishbone_outboard.x,upper_wishbone_outboard.y,upper_wishbone_outboard.z,axle_outboard.x,axle_outboard.y,axle_outboard.z,axle_inboard.x,axle_inboard.y,axle_inboard.z,trackrod_inboard.x,trackrod_inboard.y,trackrod_inboard.z,lower_wishbone_inboard_front.x,lower_wishbone_inboard_rear.x,upper_wishbone_inboard_front.x,upper_wishbone_inboard_rear.x,strut_bottom.x,strut_bottom.y,strut_bottom.z,strut_top.x,strut_top.y,strut_top.z,trackrod_outboard.x,trackrod_outboard.z,trackrod_outboard.y
30778.30050779675,0.017708376265355433,2.1527752458182086,3244.010935679492,335.7997711193342,335.7997711193342,136.27285723805616,136.27285723805616,339.1581521265125,339.1581521265125,519.8570130211676,519.8570130211676,17.61151721714107,475.84653757023085,135.06570266136407,-29.667484235538687,406.9878330180394,520.1222692607021,0.0,523.737,278.5,0.0,423.73699999999997,278.5,-162.46846162887184,339.5109194967739,505.0425457159611,231.42993227738341,-242.36922436592576,231.55426713471536,-208.62889241083838,4.101058671104838,436.0821578403553,184.96183008286224,4.101058671104838,320.83888483969656,414.689044152166,-136.7278011134167,505.216959661453,408.30164170294375
193591932.22847542,8.075120639101546e-05,2.7806197768110765,3360.2823262546026,293.0515674200033,293.0515674200033,136.5432660920599,136.5432660920599,247.2690564825248,247.2690564825248,519.8466479239946,519.8466479239946,17.714017722045057,476.06371513592694,134.2309030403837,-29.384850576475195,407.66137759784704,517.8204028290829,0.0,523.737,278.5,0.0,423.73699999999997,278.5,-185.45676251070958,248.44653603889515,513.4971153711806,237.11263730459186,-220.34873010412602,170.63669423780874,-140.00868576094308,9.943790822228308,424.2699667215165,184.8514846072776,9.943790822228308,329.5854191210038,467.10724082588894,-132.53682601068408,511.46525896681766,409.1638154680932
2962620.247245482,0.000604087511681373,0.16645919725645975,3729.270932698491,113.05088572708803,113.05088572708803,136.38748781197256,136.38748781197256,302.01407064404265,302.01407064404265,520.192454098963,520.192454098963,17.683578092276647,476.4318252257395,134.47881393035692,-29.608853967267223,408.9293081817475,519.6447640447342,0.0,523.737,278.5,0.0,423.73699999999997,278.5,-163.7283580430499,302.23999108074605,519.8566997164879,222.882811302453,-245.95938642352567,173.26708423942765,-143.7931966900671,1.2621784483593004,357.7376965013817,184.97202664187182,1.2621784483593004,333.5040521855462,461.18556061881264,-132.51902077208334,519.301807132768,409.2106219977758
315418.97767663805,2.2028576712271687e-06,1.4239369056387254,4063.8291567896413,140.50720070613735,140.50720070613735,184.46899660146755,184.46899660146755,150.61609005940738,150.61609005940738,517.1858771381656,517.1858771381656,11.57740975135911,469.30894951628653,184.2095642463202,-29.315569647742375,413.82024690537037,517.256154944631,0.0,523.737,278.5,0.0,423.73699999999997,278.5,-212.94053981798464,150.6015998448986,515.6714601744975,224.04364843983493,-37.37624814450331,221.16102162025868,-118.15566656191255,50.413562184575966,351.64764029764996,220.3741233791673,50.413562184575966,344.7491009289181,462.59338002712445,-126.69614782342437,515.7404734985258,414.04372269660365
11633.566692490362,0.027295083350834776,0.03230274378863914,3927.380831632495,106.5991162887564,106.5991162887564,133.52085015679563,133.52085015679563,305.4245387177797,305.4245387177797,433.684959633832,433.684959633832,17.398378253164477,476.4393420308139,136.80158022128904,-19.56580203146475,424.59114976550575,437.850669885418,0.0,523.737,278.5,0.0,423.73699999999997,278.5,-146.30262793783382,305.189131684512,504.5200566756308,231.9280095955734,-180.86803557248427,244.54993663043513,-25.612078603857,-20.80301595667838,349.145495839795,185.47134184784474,-20.80301595667838,331.4630465644698,458.6942281453753,-113.34582611144988,509.04862921589773,409.13998387971424
5570.732244995226,0.01622283254560689,0.035339009779480665,3568.4937347359637,100.51974181853606,100.51974181853606,140.23843862023043,140.23843862023043,293.4162696861524,293.4162696861524,525.9758306546066,525.9758306546066,15.875508104932699,471.6008988368185,149.20436227330967,-31.608653268241063,397.9923789944321,535.9318223382866,0.0,523.737,278.5,0.0,423.73699999999997,278.5,-160.32428664142503,285.48822071804454,510.22303370393337,219.39175932159654,-209.31415930452664,175.40167922198063,-189.53606841114373,20.158224882961925,366.2059856126563,195.51192079193723,20.158224882961925,298.11562647245586,410.1424052448808,-131.81084587131383,520.314232612195,392.5867270594821
161349505.4549132,0.04213708265318335,0.9616382249989837,3428.832929788294,258.30012265757557,258.30012265757557,135.0083119325142,135.0083119325142,323.29847079450644,323.29847079450644,518.5771168501115,518.5771168501115,18.648524991169108,476.08820314411076,126.61995210117695,-29.102540022345387,402.64537905281253,515.5211678759763,0.0,523.737,278.5,0.0,423.73699999999997,278.5,-163.36522847919204,331.50498436584274,513.101438254035,249.77890824269693,-243.15277678773657,174.01921931362628,-121.7055733092633,22.637737672562395,414.48632260911586,178.1094119357096,22.637737672562395,331.5778660268672,476.8541619243998,-131.3463250932109,509.7218253019402,411.13001346037044
83925.50640782563,0.013849409278291747,0.9370222413700844,3365.707549418196,284.6486618988019,284.6486618988019,135.41416213861666,135.41416213861666,335.36359061208265,335.36359061208265,520.1241448637322,520.1241448637322,17.71228972958212,476.09433430295786,134.2449764096268,-29.65435571903993,407.3983000849836,520.0153460742508,0.0,523.737,278.5,0.0,423.73699999999997,278.5,-163.49950941021032,336.41925028506085,512.9571471086692,226.4515560988692,-242.04238930460602,172.9878777518196,-189.88485949986227,10.995401511648843,421.9431267120711,183.9965031805396,10.995401511648843,328.6419095935274,472.9631348790859,-137.64791076476342,512.7612843272254,409.0290681672752
52093.97976891261,0.057036130281255544,2.277358656646562,3239.6687266041035,335.3495299817876,335.3495299817876,135.11772726698712,135.11772726698712,330.8152992295347,330.8152992295347,518.7045271967917,518.7045271967917,17.709124957379462,473.9799638202361,134.27075141081085,-29.50417538591187,399.4643857040267,518.7922254145873,0.0,523.737,278.5,0.0,423.73699999999997,278.5,-161.6172131232025,339.86766780456185,517.0937519589106,249.78662274220736,-243.12650654824054,237.85854718353102,-243.80527193440213,22.465721464213246,434.6169300862973,184.068039846081,22.465721464213246,319.08755023944553,415.99854651263036,-134.1693308158417,516.8360994333781,408.37752758635196
23352.27965833538,0.056688984031282655,1.6031390257393456,3297.9103317865292,315.6756185431821,315.6756185431821,135.11772726698712,135.11772726698712,330.6844739220813,330.6844739220813,518.7044768491929,518.7044768491929,17.69425739282894,474.03206528797637,134.39183800705058,-29.59467483399987,399.61367643297524,519.5292842713565,0.0,523.737,278.5,0.0,423.73699999999997,278.5,-161.44511655721146,339.68333509112773,519.1406115156825,248.74877349406927,-229.17402255765867,237.68596262915807,-244.2665054788141,23.996440568179256,429.2377422714093,184.15532646555437,23.996440568179256,330.6717538106374,433.93943142990634,-134.24666130973478,519.6082473108025,408.37752758635196
32346.5822606938,0.0006084020600962969,2.8910988061679217,3189.2247410019245,348.0196414266841,348.0196414266841,135.00769214896798,135.00769214896798,337.5022471766142,337.5022471766142,518.8918296167958,518.8918296167958,17.712382313422445,476.46289933428756,134.24422237475756,-29.568885029542134,408.94752051227556,519.3192431695429,0.0,523.737,278.5,0.0,423.73699999999997,278.5,-161.56451353933653,337.61348843375913,518.3303509461992,228.92617322761657,-241.26312438744068,193.32841199558,-191.6777962804359,9.199552041527063,440.1040525306474,184.41331558047796,9.199552041527063,326.4912452919721,453.14190913166965,-136.2767627727108,518.7530288133877,409.09377501333876
12586.797855059314,7.536057547237798e-07,1.104175848805251,4177.598885262239,103.59677933937998,103.59677933937998,144.84681349925492,144.84681349925492,171.5833744811675,171.5833744811675,521.8566639908329,521.8566639908329,17.353593010058294,476.13876717767783,137.16632675600687,-30.179531620293407,408.7949123508947,524.2925605496829,0.0,523.737,278.5,0.0,423.73699999999997,278.5,-187.0696197900594,171.58499143549378,521.9496470921223,174.52844790139898,-179.19110742524708,190.35720018691583,-189.9802967122008,-3.002458685001983,330.5938766432583,151.85747483647788,-3.002458685001983,326.91185788203677,453.67442051024204,-119.7204614935254,524.3871470310946,408.7752969075332
159253.73777433703,0.001247554044221576,0.06305126656917182,4110.994713617967,108.82255666287253,108.82255666287253,147.60667661847592,147.60667661847592,293.8668727772047,293.8668727772047,443.64934163763076,443.64934163763076,16.09972982481533,471.7788320787516,147.37822290990923,-20.296125632420445,415.0178582959355,443.79867829612704,0.0,523.737,278.5,0.0,423.73699999999997,278.5,-147.97890053396307,294.9111823957829,449.8758057336869,225.01429073367734,-46.440642535034144,50.57606348815967,-26.34870820975756,83.28222560854319,341.0765938775628,192.43476309968764,83.28222560854319,327.11990364155696,371.36840750040466,-115.65573479868914,450.03601953168715,414.51782484856335
71735704.13096447,7.832464479858797e-05,2.7957176118571367,3358.788569595723,293.4205241287682,293.4205241287682,136.5400339597509,136.5400339597509,246.17933943238083,246.17933943238083,519.8434157916856,519.8434157916856,17.719375178927365,476.06095284432627,134.18727005556124,-29.37798273765852,407.6306714616195,517.7644687705484,0.0,523.737,278.5,0.0,423.73699999999997,278.5,-185.45676251070958,247.40826793531386,513.5544756944556,229.99834633328004,-244.61748584195837,170.63669423780874,-203.7313511177591,5.360283712604968,424.3551922447651,184.8191760983056,5.360283712604968,335.8358956608714,467.10724082588894,-132.53682601068408,511.47012144658873,409.1638154680932
106607.20625010905,0.03361357835527282,1.0861531556422457,3345.693791520041,296.81370310284643,296.81370310284643,135.08087346417648,135.08087346417648,334.5234627764201,334.5234627764201,518.6997177187855,518.6997177187855,17.76118852575463,475.2806080018611,133.84672767368696,-29.4644913606571,404.2469002435792,518.4690249652559,0.0,523.737,278.5,0.0,423.73699999999997,278.5,-161.6197888227414,339.479023058723,518.8464519793571,232.8466801014631,-239.73371690480377,169.78740210163787,-189.01853168139266,6.09539201146702,424.7993942273531,183.91250136547634,6.09539201146702,331.18605118583275,413.63262168196087,-136.71842568718736,518.4073661641195,409.02946108591993
165999.80471675756,0.0006203037541306996,4.577124474743357,3170.914438663773,349.1881202515569,349.1881202515569,134.19752944081182,134.19752944081182,264.5885107424342,264.5885107424342,522.6645741046643,522.6645741046643,17.724469167580704,475.59808693092435,134.14578284726826,-30.01295172897628,404.87486433748444,522.9358762068618,0.0,523.737,278.5,0.0,423.73699999999997,278.5,-186.2694539336603,268.9125126798162,519.0719512880555,225.50631660402905,-229.30899731621395,169.8377936772288,-189.6440473678662,8.237465613762105,439.7934923167023,184.1248020876613,8.237465613762105,331.4441610039522,418.0956651746982,-136.8943048050345,519.3500908885474,409.06406297774083
29690.588930564354,0.028633520212187347,0.18758853807591716,3442.1252908354386,229.37731852438222,229.37731852438222,136.34998668236122,136.34998668236122,335.3136628185238,335.3136628185238,518.9884595209014,518.9884595209014,17.683282649018413,476.0825120033542,134.4812201226018,-29.576329357129545,407.62827812417584,519.3798723523381,0.0,523.737,278.5,0.0,423.73699999999997,278.5,-161.41983795880483,331.36600161578866,521.2146822331828,228.24964582282556,-248.90754312639697,182.92579118021948,-243.2182804340532,14.37255425410762,406.2638808698911,184.75728483478912,14.37255425410762,331.202161936843,455.61530509348586,-136.85734288588756,521.7972229199073,403.5727385214834
2872.4628302496017,0.013246890988058884,3.5728709652917092,3157.859629052684,348.69665275979736,348.69665275979736,136.27085901917718,136.27085901917718,323.2320484700537,323.2320484700537,510.90359433809107,510.90359433809107,16.782179598928035,476.4953476649913,141.82011552984235,-30.54192062720088,412.6168636220448,527.243982163627,0.0,523.737,278.5,0.0,423.73699999999997,278.5,-163.283941980468,319.2146696280065,489.06280021542756,233.10970947011245,-240.54198257581928,131.75897073282536,-148.75948459616737,5.9428636830696036,440.3059966270895,189.7022477545643,5.9428636830696036,315.1245296175623,450.8882329995754,-136.72769743106784,504.9962882449598,409.4965198367657
354398322.7725178,3.5195878784669136e-05,1.4572872458331643,4135.299815315055,113.96350310653331,113.96350310653331,156.21804172997622,156.21804172997622,172.2429822793495,172.2429822793495,533.3394146848404,533.3394146848404,17.359448805308638,476.0612735674917,137.11863513087678,-29.756586974942085,409.06825579162125,520.8479528380849,0.0,523.737,278.5,0.0,423.73699999999997,278.5,-189.04042000397084,172.95528743265132,539.4812447381767,184.0355886863154,-241.97049175469044,53.68044116693527,-240.69282139981988,-42.9538230679604,335.0817366802382,190.0993346744977,-42.9538230679604,324.314949110635,478.5634258733893,-120.77823248890816,527.0590277311883,408.47094739936375
2548426.7203353657,8.824737278123141e-06,2.0566729351957527,3619.8219786554,217.6767403782407,217.6767403782407,159.2375551833949,159.2375551833949,151.89468552276898,151.89468552276898,547.3745818025823,547.3745818025823,15.066536507673092,473.28833573034325,155.79290721178384,-32.59673569270216,406.73139387375363,543.9791079024908,0.0,523.737,278.5,0.0,423.73699999999997,278.5,-187.3492114339792,153.65440668551432,498.0621490942904,228.11032431433557,-137.92036369676845,174.32509545892844,-141.89288157079716,22.052097392850854,400.8735999100835,192.52308394881692,22.052097392850854,329.59671656253465,360.7041938752809,-128.50085850792217,494.66071467563347,408.5882504565642
7804.954784464835,1.5229535945990057e-06,0.9472794547240844,3566.0800839794665,104.65436110620679,104.65436110620679,136.35794539160497,136.35794539160497,209.17404176559185,209.17404176559185,514.0177242879289,514.0177242879289,17.35547465530807,476.1364923730511,137.15100198523814,-30.201260953062857,408.7452334275659,524.469531763406,0.0,523.737,278.5,0.0,423.73699999999997,278.5,-187.0773182146968,209.17322396914886,513.9364785645445,174.79384477577568,-239.39854041441885,71.41359918603001,-111.03038424403317,3.1548013001504387,370.98537579017886,186.0493888773384,3.1548013001504387,330.36734650830147,454.2101352039096,-128.56479834867753,524.3871470310946,408.764348508131
21473.691871839004,0.033709378999671226,0.05181808662245557,3617.7277124984794,106.38635867118208,106.38635867118208,136.1600927834005,136.1600927834005,305.4245387177797,305.4245387177797,433.29055551509606,433.29055551509606,17.395180692031094,476.4556196534572,136.82762226688394,-19.237368100713237,425.1178661754784,435.17579017467625,0.0,523.737,278.5,0.0,423.73699999999997,278.5,-145.38759570355086,305.00225668565594,506.8203555836143,201.2514220575855,-180.86803557248427,238.1091923708635,-140.80253568586699,22.004287075065324,371.7232001102018,181.1218409384084,22.004287075065324,331.44871116380267,458.4702750033469,-120.49628049736965,509.1542833260305,408.9989760660021
36537.81468783812,0.00013878434662035243,0.9327406960068216,3356.8169647823715,290.2972476270201,290.2972476270201,135.9851201946497,135.9851201946497,339.1728750908726,339.1728750908726,519.7464173213568,519.7464173213568,17.62285885806539,476.46163269881407,134.97333240861474,-29.665440114032066,409.2973631947499,520.1056212270113,0.0,523.737,278.5,0.0,423.73699999999997,278.5,-163.2407254082074,339.15772864272566,519.6266230744063,235.34554294623237,-248.35014346308824,249.31748394477722,-210.9452732467975,-0.022773120546027315,423.68481765218326,185.14205114075753,-0.022773120546027315,333.306059929297,442.61348646027653,-137.63438733324946,519.9856405212129,409.29202644899635
218815641.94261682,0.03436604774823764,0.1406508388071997,3477.7277124523544,179.24890983008322,179.24890983008322,136.42964287246474,136.42964287246474,323.29649567937605,323.29649567937605,519.9952155953904,519.9952155953904,17.717744250990673,475.55178787259945,134.20055289767672,-29.576078911466215,405.38146712228183,519.3778326360946,0.0,523.737,278.5,0.0,423.73699999999997,278.5,-162.970968255236,330.7930800629918,516.1105067458509,227.9469134869037,-242.94195186975395,190.885975722504,-209.26073904162067,-1.1800517733426332,391.673683769806,184.73636855604195,-1.1800517733426332,329.2326122435359,453.1431557894159,-137.42768772675464,515.1983378479889,413.1582821370791
7196.395045022897,0.012108372670358157,0.35988410086819134,3405.9815832236955,259.15883863762684,259.15883863762684,136.24778142524693,136.24778142524693,341.31750062334453,341.31750062334453,518.322219811944,518.322219811944,17.26704130563122,476.46526673234735,137.8712338207926,-29.9725836684291,410.79053640909746,522.6071047371402,0.0,523.737,278.5,0.0,423.73699999999997,278.5,-162.72305731192117,339.08730134337105,514.0984135370566,205.9946635555991,-238.09639961485314,242.799820207621,-141.39558647849435,11.1384416851601,414.9071471889016,187.39507938825324,11.1384416851601,331.1868687517805,445.74461931980204,-138.00774227985204,518.4568432232996,408.93255153863475
401056.5427560933,0.05156005395558448,0.9521061777341728,3363.0513625838303,286.8679084088168,286.8679084088168,135.933370689315,135.933370689315,329.1056253468834,329.1056253468834,519.7202416558926,519.7202416558926,17.598246754115866,474.02393787126107,135.17378190950097,-29.591065392605937,400.16879627894076,519.4998877302328,0.0,523.737,278.5,0.0,423.73699999999997,278.5,-162.81780444426036,339.47328385897913,531.3563286494627,220.61736185200147,-243.02431699636236,161.462829776622,-205.03160958876603,5.8150317947155585,421.08103977132305,185.3169900798162,5.8150317947155585,330.4773664855739,453.0710503113422,-132.07714084518773,530.7876916454148,409.316187200293
369382.27219539,0.03339084309451786,2.8410862747924575,3214.015994736361,341.48625356166764,341.48625356166764,135.1186871714732,135.1186871714732,326.8404738716802,326.8404738716802,519.5174825283109,519.5174825283109,17.629905943836107,474.223332377191,134.91593850079036,-29.588811940661238,400.7492887165445,519.4815348369364,0.0,523.737,278.5,0.0,423.73699999999997,278.5,-167.5480430400802,335.3263361097061,519.0809103566353,228.92819700208213,-248.85667170900172,174.01984407708716,-180.79415418620295,-29.472061851454306,436.6783577643063,184.87822295362972,-29.472061851454306,319.8433841266078,470.8540499712584,-133.3613230076545,518.8064536608647,409.1097525408208
66559.34260094455,0.015409742496646417,1.9403410912595687,3279.997703973327,325.5523278848569,325.5523278848569,136.32349006418062,136.32349006418062,335.6182624534155,335.6182624534155,520.1683609463353,520.1683609463353,17.686271692581784,475.8481680580699,134.4568763163334,-29.615268503522472,406.64936521246847,519.6970062501717,0.0,523.737,278.5,0.0,423.73699999999997,278.5,-162.6299240934712,336.2707456852611,505.49265195395304,204.29465765683463,-242.33801694519465,180.30412434410377,-209.0427983554823,-4.387255219117591,433.3276776301057,184.3593787395434,-4.387255219117591,329.3724449043102,414.9829466354087,-136.71956412691816,504.9260612455341,408.36297229101916
43674.45238350875,0.00038160700654604567,0.077730871236806,3505.5567187209926,131.1392283589096,131.1392283589096,135.41220198173917,135.41220198173917,313.68880452689615,313.68880452689615,518.9664334963252,518.9664334963252,17.597208688259624,476.37512666038657,135.18223627744925,-29.621186575668837,409.1676911330043,519.7452050799175,0.0,523.737,278.5,0.0,423.73699999999997,278.5,-161.33307080111044,313.73792835752647,519.9859488659025,247.88317266765,-224.19071266833924,177.9058396564712,-209.99173084061735,-4.031502732694918,378.63637998285026,184.80121245154734,-4.031502732694918,331.5698098526482,453.6948299447901,-137.87463552514714,520.7684578484649,409.05897601752065
628018.4762145038,0.0011270858372343397,1.9702278432799492,3340.0724049381747,299.45227446937446,299.45227446937446,134.95321831169943,134.95321831169943,318.8695930121787,318.8695930121787,519.5663232205477,519.5663232205477,17.682884604169477,476.5123376054186,134.48446193774538,-29.576632143578852,409.2900633939264,519.382338350075,0.0,523.737,278.5,0.0,423.73699999999997,278.5,-163.08482711698522,318.32453088191033,518.4426028190004,230.49380444485465,-234.187329880323,248.5913782948648,-132.4625880331209,7.303732705673703,426.4219956764512,184.54657067326815,7.303732705673703,330.65225958001224,431.48082899539975,-130.05084713163666,518.2687090633221,408.86470955047247
